path	type	species	counts	natoms	contcar_size	tebeg	teend	nsw
xqd/1-C-Sb2Te3/10%/3-opt	opt	Sb Te C	130 194 36	360	39914			1000
xqd/1-C-Sb2Te3/0-Sb2Te3/3-opt	opt	Sb Te	144 216	360	39903			300
xqd/1-C-Sb2Te3/15%/3-opt	opt	Sb Te C	123 183 54	360	39914			1000
xqd/1-C-Sb2Te3/5%/3-opt	opt	Sb Te C	137 205 18	360	39914			1000
xqd/GST467/0-467/2-300K/opt	opt	Ge Sb Te	72 108 126	306	33974			300
xqd/GST467/0-467/21-300K/opt	opt	Ge Sb Te	72 108 126	306	33974			300
xqd/GST467/1-225/21-300K/opt	opt	Ge Sb Te	68 68 170	306	33974			300
xqd/GST467/1-225/2-300K/opt	opt	Ge Sb Te	68 68 170	306	33974			300
xqd/7-Tr/4-GST225/3-function/1-64atoms/5-BLYP/3-opt	opt	Ge Sb Te	13 13 32	58	6694			500
xqd/7-Tr/4-GST225/3-function/1-64atoms/1-HSE06/3-opt	opt	Ge Sb Te	13 13 32	58	6694			500
xqd/7-Tr/4-GST225/3-function/1-64atoms/4-HSE-0.5/3-opt	opt	Ge Sb Te	13 13 32	58	6694			500
xqd/7-Tr/4-GST225/1-64atom/3-model/22-300K-4kstep/opt	opt	Ge Sb Te	13 13 32	58	6694			300
xqd/7-Tr/4-GST225/1-64atom/3-model/21-300K-2kstep/opt	opt	Ge Sb Te	13 13 32	58	6694			300
xqd/7-Tr/4-GST225/1-64atom/1-model/equb/4-opt	opt	Ge Sb Te	13 13 32	58	6694			300
xqd/7-Tr/4-GST225/1-64atom/1-model/23-300K-6kstep/opt	opt	Ge Sb Te	13 13 32	58	6694			300
xqd/7-Tr/4-GST225/1-64atom/1-model/21-300K-2kstep/opt	opt	Ge Sb Te	13 13 32	58	6694			300
xqd/7-Tr/4-GST225/1-64atom/1-model/22-300K-4kstep/opt	opt	Ge Sb Te	13 13 32	58	6694			300
xqd/7-Tr/4-GST225/1-64atom/2-model/22-300K-4kstep/opt	opt	Ge Sb Te	13 13 32	58	6694			300
xqd/7-Tr/4-GST225/1-64atom/2-model/21-300K-2kstep/opt	opt	Ge Sb Te	13 13 32	58	6694			300
xqd/7-Tr/4-GST225/2-216atom/2-model/21-300K-2kstep/opt	opt	Ge Sb Te	43 43 108	194	21654			300
xqd/7-Tr/4-GST225/2-216atom/1-model/23-300K-6kstep/opt	opt	Ge Sb Te	43 43 108	194	21654			300
xqd/7-Tr/4-GST225/2-216atom/1-model/22-300K-4kstep/opt	opt	Ge Sb Te	43 43 108	194	21654			500
xqd/7-Tr/4-GST225/2-216atom/1-model/21-300K-2kstep/opt	opt	Ge Sb Te	43 43 108	194	21654			500
xqd/7-Tr/4-GST225/2-216atom/3-model/21-300K-2kstep/opt	opt	Ge Sb Te	43 43 108	194	21654			300
xqd/7-Tr/4-GST225/4-opt-hybrid/1-64atoms/2-opt-HSE03	opt	Ge Sb Te	13 13 32	58	6694			300
xqd/7-Tr/4-GST225/4-opt-hybrid/1-64atoms/2-opt-HSE03/1-scale	opt	Ge Sb Te	13 13 32	58	6694			300
xqd/7-Tr/4-GST225/4-opt-hybrid/1-64atoms/3-opt-PBE0	opt	Ge Sb Te	13 13 32	58	6694			300
xqd/7-Tr/4-GST225/4-opt-hybrid/1-64atoms/3-opt-PBE0/1-scale	opt	Ge Sb Te	13 13 32	58	6694			300
xqd/7-Tr/4-GST225/4-opt-hybrid/1-64atoms/1-opt-HSE06	opt	Ge Sb Te	13 13 32	58	6694			300
xqd/7-Tr/4-GST225/4-opt-hybrid/1-64atoms/1-opt-HSE06/1-scale	opt	Ge Sb Te	13 13 32	58	6694			300
xqd/7-Tr/4-GST225/4-opt-hybrid/1-64atoms/4-B3LYP	opt	Ge Sb Te	13 13 32	58	6694			300
xqd/7-Tr/4-GST225/4-opt-hybrid/1-64atoms/4-B3LYP/1-scale	opt	Ge Sb Te	13 13 32	58	6694			300
xqd/7-Tr/4-GST225/4-opt-hybrid/1-64atoms/5-BLYP	opt	Ge Sb Te	13 13 32	58	6694			300
xqd/7-Tr/4-GST225/4-opt-hybrid/2-125atoms/1-HSE06	opt	Ge Sb Te	28 28 69	125	14064			300
xqd/7-Tr/4-GST225/4-opt-hybrid/2-125atoms/2-HSE03	opt	Ge Sb Te	28 28 69	125	14064			300
xqd/7-Tr/4-GST225/4-opt-hybrid/2-125atoms/5-BLYP	opt	Ge Sb Te	28 28 69	125	14064			300
xqd/7-Tr/4-GST225/4-opt-hybrid/2-125atoms/3-PBE0	opt	Ge Sb Te	28 28 69	125	14064			300
xqd/7-Tr/4-GST225/4-opt-hybrid/2-125atoms/4-B3LYP	opt	Ge Sb Te	28 28 69	125	14064			300
xqd/7-Tr/2-GeSe2/2-BLYP/194atoms/3-opt	opt	Ge Se	64 130	194	21643			500
xqd/8-Sb-X/1-Al/4-bond/1-opt	opt	Al Sb	1 1	2	523			300
xqd/8-Sb-X/8-Ti/3-bond/1-opt	opt	Ti Sb	1 1	2	523			300
xqd/8-Sb-X/3-Ga/3-bond/1-opt	opt	Ga Sb	1 1	2	523			300
xqd/8-Sb-X/4-Cd/3-bond/1-opt	opt	Cd Sb	1 1	2	523			300
xqd/8-Sb-X/6-Sn/3-bond/1-opt	opt	Sn Sb	1 1	2	523			300
xqd/8-Sb-X/0-Sb/2-bond/1-opt	opt	Sb	2	2	512			300
xqd/8-Sb-X/2-Zn/4-bond/1-opt	opt	Zn Sb	1 1	2	523			300
xqd/8-Sb-X/5-In/3-bond/1-opt	opt	In Sb	1 1	2	523			300
xqd/8-Sb-X/9-Y/0-opt	opt	Y Sb	45 255	300	33303			300
xqd/8-Sb-X/9-Y/5-bond/1-opt	opt	Y Sb	1 1	2	523			300
xqd/8-Sb-X/10-Zr/0-opt	opt	Zr Sb	45 255	300	33303			300
xqd/8-Sb-X/10-Zr/5-bond/1-opt	opt	Zr Sb	1 1	2	523			300
xqd/8-Sb-X/7-Sc/3-bond/1-opt	opt	Sc Sb	1 1	2	523			300
xqd/8-Sb-X/11-Sb2Te3-Y/3-opt	opt	Sb Te Y	108 162 30	300	33314			300
xqd/12-aging-process/1-GST/29/3-opt	opt	Ge Sb Te	48 48 120	216	24074			300
xqd/12-aging-process/1-GST/27/3-opt	opt	Ge Sb Te	48 48 120	216	24074			300
xqd/12-aging-process/1-GST/28/3-opt	opt	Ge Sb Te	48 48 120	216	24074			300
xqd/12-aging-process/2-GeTe/32/3-opt	opt	Ge Te	100 100	200	22303			300
xqd/12-aging-process/2-GeTe/34/3-opt	opt	Ge Te	100 100	200	22303			300
xqd/12-aging-process/2-GeTe/30/3-opt	opt	Ge Te	100 100	200	22303			300
xqd/12-aging-process/2-GeTe/31/3-opt	opt	Ge Te	100 100	200	22303			300
xqd/12-aging-process/2-GeTe/33/3-opt	opt	Ge Te	100 100	200	22303			300
xqd/12-aging-process/3-Sb2Te3/24/3-opt	opt	Sb Te	80 120	200	22303			300
xqd/12-aging-process/3-Sb2Te3/26/3-opt	opt	Sb Te	80 120	200	22303			300
xqd/12-aging-process/3-Sb2Te3/25/3-opt	opt	Sb Te	80 120	200	22303			300
xqd/12-aging-process/cry/3-ST/3_3_3/4/1-opt	opt	Sb Te	72 108	180	20103			300
xqd/12-aging-process/cry/3-ST/3_3_3/4/2-opt2	opt	Sb Te	72 108	180	20103			300
xqd/12-aging-process/cry/3-ST/3_3_3/2/2-opt2	opt	Sb Te	72 108	180	20103			300
xqd/12-aging-process/cry/3-ST/3_3_3/2/1-opt	opt	Sb Te	72 108	180	20103			300
xqd/12-aging-process/cry/3-ST/3_3_3/5/1-opt	opt	Sb Te	72 108	180	20103			300
xqd/12-aging-process/cry/3-ST/3_3_3/5/2-opt2	opt	Sb Te	72 108	180	20103			300
xqd/12-aging-process/cry/3-ST/3_3_3/3/2-opt2	opt	Sb Te	72 108	180	20103			300
xqd/12-aging-process/cry/3-ST/3_3_3/3/1-opt	opt	Sb Te	72 108	180	20103			300
xqd/12-aging-process/cry/3-ST/3_3_3/1/1-opt	opt	Sb Te	72 108	180	20103			300
xqd/12-aging-process/cry/3-ST/3_3_3/1/2-opt2	opt	Sb Te	72 108	180	20103			300
xqd/12-aging-process/cry/3-ST/2_2_2/5/1-opt	opt	Sb Te	21 32	53	6133			300
xqd/12-aging-process/cry/3-ST/2_2_2/5/2-opt2	opt	Sb Te	21 32	53	6133			300
xqd/12-aging-process/cry/3-ST/2_2_2/3/1-opt	opt	Sb Te	21 32	53	6133			300
xqd/12-aging-process/cry/3-ST/2_2_2/3/2-opt2	opt	Sb Te	21 32	53	6133			300
xqd/12-aging-process/cry/3-ST/2_2_2/2/1-opt	opt	Sb Te	21 32	53	6133			300
xqd/12-aging-process/cry/3-ST/2_2_2/2/2-opt2	opt	Sb Te	21 32	53	6133			300
xqd/12-aging-process/cry/3-ST/2_2_2/4/1-opt	opt	Sb Te	21 32	53	6133			300
xqd/12-aging-process/cry/3-ST/2_2_2/4/2-opt2	opt	Sb Te	21 32	53	6133			300
xqd/12-aging-process/cry/3-ST/2_2_2/1/1-opt	opt	Sb Te	21 32	53	6133			300
xqd/12-aging-process/cry/3-ST/2_2_2/1/2-opt2	opt	Sb Te	21 32	53	6133			300
xqd/12-aging-process/cry/1-GeTe/1-opt	opt	Ge Te	32 32	64	7343			300
xqd/12-aging-process/cry/2-GST/3_3_3/5/1-opt	opt	Ge Sb Te	43 43 108	194	21654			300
xqd/12-aging-process/cry/2-GST/3_3_3/5/2-opt2	opt	Ge Sb Te	43 43 108	194	21654			300
xqd/12-aging-process/cry/2-GST/3_3_3/3/1-opt	opt	Ge Sb Te	43 43 108	194	21654			300
xqd/12-aging-process/cry/2-GST/3_3_3/3/2-opt2	opt	Ge Sb Te	43 43 108	194	21654			300
xqd/12-aging-process/cry/2-GST/3_3_3/1/1-opt	opt	Ge Sb Te	43 43 108	194	21654			300
xqd/12-aging-process/cry/2-GST/3_3_3/1/2-opt2	opt	Ge Sb Te	43 43 108	194	21654			300
xqd/12-aging-process/cry/2-GST/3_3_3/4/1-opt	opt	Ge Sb Te	43 43 108	194	21654			300
xqd/12-aging-process/cry/2-GST/3_3_3/4/2-opt2	opt	Ge Sb Te	43 43 108	194	21654			300
xqd/12-aging-process/cry/2-GST/3_3_3/2/1-opt	opt	Ge Sb Te	43 43 108	194	21654			300
xqd/12-aging-process/cry/2-GST/3_3_3/2/2-opt2	opt	Ge Sb Te	43 43 108	194	21654			300
xqd/12-aging-process/cry/2-GST/2_2_2/4/2-opt2	opt	Ge Sb Te	13 13 32	58	6694			300
xqd/12-aging-process/cry/2-GST/2_2_2/4/1-opt	opt	Ge Sb Te	13 13 32	58	6694			300
xqd/12-aging-process/cry/2-GST/2_2_2/2/2-opt2	opt	Ge Sb Te	13 13 32	58	6694			300
xqd/12-aging-process/cry/2-GST/2_2_2/2/1-opt	opt	Ge Sb Te	13 13 32	58	6694			300
xqd/12-aging-process/cry/2-GST/2_2_2/5/2-opt2	opt	Ge Sb Te	13 13 32	58	6694			300
xqd/12-aging-process/cry/2-GST/2_2_2/5/1-opt	opt	Ge Sb Te	13 13 32	58	6694			300
xqd/12-aging-process/cry/2-GST/2_2_2/3/1-opt	opt	Ge Sb Te	13 13 32	58	6694			300
xqd/12-aging-process/cry/2-GST/2_2_2/3/2-opt2	opt	Ge Sb Te	13 13 32	58	6694			300
xqd/12-aging-process/cry/2-GST/2_2_2/1/1-opt	opt	Ge Sb Te	13 13 32	58	6694			300
xqd/12-aging-process/cry/2-GST/2_2_2/1/2-opt2	opt	Ge Sb Te	13 13 32	58	6694			300
xqd/mcp_workspace/1-demo/inputs/prep	opt	Ge Sb Te N	43 43 108 10	204	22765			80
xqd/mcp_workspace/1-demo/inputs/prep_vol_relax	opt	Ge Sb Te N	43 43 108 10	204	22765			80
xqd/mcp_workspace/2026-05-20/M0_cp_vol/inputs/prep	opt	Ge Sb Te	13 13 32	58	6694			80
xqd/mcp_workspace/2026-05-20/M1_cp_vol/inputs/prep	opt	Ge Sb Te N	13 13 32 3	61	7035			80
xqd/mcp_workspace/2026-05-20/M4_cp_vol/inputs/prep	opt	Ge Sb Te	19 13 32	64	7354			80
xqd/mcp_workspace/2026-05-20/rho/M0_rho_a/inputs/stage3_relax	opt	Ge Sb Te	43 43 108	194	21654			200
xqd/mcp_workspace/2026-05-20/rho/M1_rho_a/inputs/stage3_relax	opt	Ge Sb Te N	43 43 108 10	204	22765			200
xqd/mcp_workspace/2026-05-20/rho/M1_rho_c/inputs/prep	opt	Ge Sb Te N	43 43 108 10	204	22765			80
xqd/mcp_workspace/2026-05-20/rho/M4_rho_a/inputs/stage3_relax	opt	Ge Sb Te	65 43 108	216	24074			200
xqd/mcp_workspace/2026-05-20/rho/M4_rho_c/inputs/prep	opt	Ge Sb Te	57 43 108	208	23194			80
xqd/mcp_workspace/2026-05-20/melt/M0_T_melt/inputs/prep	opt	Ge Sb Te	43 43 108	194	21654			80
xqd/mcp_workspace/2026-05-20/hse_rho_c/M1/inputs_hse06/seed_5/prep	opt	Ge Sb Te N	43 43 108 10	204	22765			200
xqd/mcp_workspace/2026-05-20/hse_rho_c/M1/inputs_hse06/seed_2/prep	opt	Ge Sb Te N	43 43 108 10	204	22765			200
xqd/mcp_workspace/2026-05-20/hse_rho_c/M1/inputs_hse06/seed_4/prep	opt	Ge Sb Te N	43 43 108 10	204	22765			200
xqd/mcp_workspace/2026-05-20/hse_rho_c/M1/inputs_hse06/seed_3/prep	opt	Ge Sb Te N	43 43 108 10	204	22765			200
xqd/mcp_workspace/2026-05-20/hse_rho_c/M1/inputs_hse06/seed_1/prep	opt	Ge Sb Te N	43 43 108 10	204	22765			200
xqd/mcp_workspace/2026-05-20/hse_rho_c/M0/inputs_hse06/seed_5/prep	opt	Ge Sb Te	43 43 108	194	21654			200
xqd/mcp_workspace/2026-05-20/hse_rho_c/M0/inputs_hse06/seed_3/prep	opt	Ge Sb Te	43 43 108	194	21654			200
xqd/mcp_workspace/2026-05-20/hse_rho_c/M0/inputs_hse06/seed_2/prep	opt	Ge Sb Te	43 43 108	194	21654			200
xqd/mcp_workspace/2026-05-20/hse_rho_c/M0/inputs_hse06/seed_4/prep	opt	Ge Sb Te	43 43 108	194	21654			200
xqd/mcp_workspace/2026-05-20/hse_rho_c/M0/inputs_hse06/seed_1/prep	opt	Ge Sb Te	43 43 108	194	21654			200
xqd/mcp_workspace/2026-05-20/hse_rho_c/M4/inputs_hse06/seed_5/prep	opt	Ge Sb Te	57 43 108	208	23194			200
xqd/mcp_workspace/2026-05-20/hse_rho_c/M4/inputs_hse06/seed_3/prep	opt	Ge Sb Te	57 43 108	208	23194			200
xqd/mcp_workspace/2026-05-20/hse_rho_c/M4/inputs_hse06/seed_1/prep	opt	Ge Sb Te	57 43 108	208	23194			200
xqd/mcp_workspace/2026-05-20/hse_rho_c/M4/inputs_hse06/seed_4/prep	opt	Ge Sb Te	57 43 108	208	23194			200
xqd/mcp_workspace/2026-05-20/hse_rho_c/M4/inputs_hse06/seed_2/prep	opt	Ge Sb Te	57 43 108	208	23194			200
xqd/mcp_workspace/2026-05-20/cp_vol/M1_cp_vol/inputs/prep	opt	Ge Sb Te N	43 43 108 10	204	22765			200
xqd/mcp_workspace/2026-05-20/cp_vol/M0_cp_vol/inputs/prep	opt	Ge Sb Te	43 43 108	194	21654			200
xqd/mcp_workspace/2026-05-20/cp_vol/M4_cp_vol/inputs/prep	opt	Ge Sb Te	57 43 108	208	23194			200
xqd/2-Sb/01-64atom_amor/6-opt	opt	Sb	64	64	7332			1000
xqd/2-Sb/01-64atom_amor/61-opt	opt	Sb	64	64	7332			300
xqd/2-Sb/02-125atom_amor/5-opt	opt	Sb	125	125	14042			300
xqd/2-Sb/03-216atom_amor/5-opt	opt	Sb	216	216	24052			1000
xqd/5-GSS/70/opt	opt	Ge Te Se	150 45 105	300	33314			1000
xqd/9-HfO/1-222/3-0/1-opt3-pbe	opt	Hf O	32 63	95	10753			999
xqd/9-HfO/1-222/3-0/2-opt3-lda	opt	Hf O	32 63	95	10753			999
xqd/9-HfO/1-222/5-2-/2-opt3-lda	opt	Hf O	32 63	95	10753			999
xqd/9-HfO/1-222/5-2-/1-opt3-pbe	opt	Hf O	32 63	95	10753			999
xqd/9-HfO/1-222/4-1-/1-opt3-pbe/opt-lda	opt	Hf O	32 63	95	10753			999
xqd/9-HfO/1-222/4-1-/1-opt3-pbe	opt	Hf O	32 63	95	10753			999
xqd/9-HfO/1-222/1-2+/0-relax-pbe	opt	Hf O	32 63	95	10753			999
xqd/9-HfO/1-222/1-2+/3-opt3-lda	opt	Hf O	32 63	95	10753			999
xqd/9-HfO/1-222/1-2+/2-opt3-pbe	opt	Hf O	32 63	95	10753			999
xqd/9-HfO/1-222/2-1+/3-opt3-spin	opt	Hf O	32 63	95	10753			999
xqd/9-HfO/1-222/2-1+/2-opt3-lda	opt	Hf O	32 63	95	10753			999
xqd/9-HfO/1-222/2-1+/1-opt3-pbe	opt	Hf O	32 63	95	10753			999
ysj/ef/gese/reply/VASPR2-1/rate_100Kps/3-opt	opt	Ge Se	150 150	300	33303			1000
ysj/ef/gese/reply/VASPR2-1/rate_300Kps/3-opt	opt	Ge Se	150 150	300	33303			1000
ysj/ef/gese/reply/VASPR2-1/rate_20Kps/3-opt	opt	Ge Se	150 150	300	33303			1000
ysj/ef/gese/reply/VASPR2-1/rate_200Kps/3-opt	opt	Ge Se	150 150	300	33303			1000
ysj/ef/gese/reply/VASPR2-1/rate_10Kps/3-opt	opt	Ge Se	150 150	300	33303			1000
ysj/ef/gese/reply/VASPR2-1/rate_30Kps/3-opt	opt	Ge Se	150 150	300	33303			1000
ysj/ef/gese/reply/VASPR2-1/rate_50Kps/3-opt	opt	Ge Se	150 150	300	33303			1000
ysj/ef/gese/reply/VASPR2-1/rate_500Kps/3-opt	opt	Ge Se	150 150	300	33303			1000
ysj/optical/c/GSST2241/opt	opt	Ge Sb Se Te	16 16 32 8	72	8245			100
ysj/optical/c/GST225/OPT	opt	Ge Sb Te	8 8 20	36	4274			100
ysj/optical/c/GeSeTe/3-opt	opt	Ge Se Te	50 14 136	200	22314			1000
ysj/optical/c/AIST/optical-pri/isif3	opt	Sb Te Ag In	49 24 4 4	81	9235			100
ysj/optical/c/AIST/opt	opt	Sb Te Ag In	49 24 4 4	81	9235			100
ysj/optical/c/GSS225/opt	opt	Sb Se Ge	16 40 16	72	8234			100
ysj/optical/c/Sb2Se3/1-POSCAR1/2-opt	opt	Sb Se	8 12	20	2503			100
ysj/optical/c/crte3/opt	opt	Cr Te	8 24	32	3823			100
ysj/optical/c/crtese/3-opt/y	opt	Cr Te Se	40 112 8	160	17914			1000
ysj/optical/c/crtese/3-opt/x	opt	Cr Te Se	40 112 8	160	17914			1000
ysj/optical/c/crtese/3-opt/z	opt	Cr Te Se	40 112 8	160	17914			1000
ysj/optical/a/GST225/3-opt	opt	Ge Sb Te	68 68 170	306	33974			500
ysj/optical/a/AIST/3-opt	opt	Ag In Sb Te	15 15 180 90	300	33325			500
ysj/optical/a/AIST/3-opt/neg/1-0.13	opt	Ag In Sb Te	15 15 180 90	300	33325			500
ysj/optical/a/AIST/3-opt/neg/2--5.59	opt	Ag In Sb Te	15 15 180 90	300	33325			500
ysj/optical/a/AIST/3-opt/pos/1-7.06	opt	Ag In Sb Te	15 15 180 90	300	33325			500
ysj/optical/a/GSST2241/3-opt	opt	Ge Sb Se Te	68 68 136 34	306	33985			500
ysj/optical/a/Sb2Se3/1-optical/6/pos	opt	Sb Se	120 180	300	33303			500
ysj/optical/a/Sb2Se3/1-optical/6/neg	opt	Sb Se	120 180	300	33303			500
ysj/optical/a/Sb2Se3/2-opt	opt	Sb Se	120 180	300	33303			500
ysj/optical/a/crte3/opt	opt	Cr Te	50 150	200	22303			1000
ysj/optical/a/crtese/3-opt	opt	Cr Te Se	50 140 10	200	22314			1000
ysj/optical/a/GeSeTe/3-opt	opt	Ge Se Te	75 21 204	300	33314			1000
ysj/structure-optimization	opt	Ge Sb Te	27 108 189	324	35954			100
ysj/gst147-cryss/gst147-c/FIX/3-opt	opt	Ge Sb Te C	25 100 175 24	324	39872			500
ysj/gst147-cryss/GST147-cubic/3-opt	opt	Ge Sb Te	27 108 189	324	35954			500
ysj/gst147-cryss/GST147-cubic/3-opt/sturcture2	opt	Ge Sb Te	27 108 189	324	35954			500
ysj/gst147-cryss/GST147-cubic/FIX/3-opt	opt	Ge Sb Te	27 108 189	324	39861			500
ysj/1-GeSe/3-opt	opt	Ge Se	150 150	300	33303			1000
ysj/1-GeSe/models/fix-mgs/2/3-opt	opt	Ge Se	150 150	300	33303			1000
ysj/1-GeSe/models/fix-mgs/1/3-opt	opt	Ge Se	150 150	300	36922			1000
ysj/1-GeSe/grcmodel/3-opt	opt	Ge Se	150 150	300	33303			1000
ysj/6-Cu-GeSe-Cu/1-160Cu/3-opt	opt	Cu Ge Se	160 320 320	800	58731			1000
ysj/6-Cu-GeSe-Cu/2-320Cu/3-opt	opt	Cu Ge Se	320 250 250	820	100373			1000
ysj/condi-diff/gen-2/relax	opt	Ge Se	153 153	306	33963			1000
ysj/condi-diff/density_gen/mid-dens/POSCAR-4.53-1	opt	Ge Se	150 150	300	33303			1000
ysj/condi-diff/density_gen/mid-dens/POSCAR-4.53-2	opt	Ge Se	150 150	300	33303			1000
ysj/condi-diff/density_gen/mid-dens/POSCAR-4.53-4	opt	Ge Se	150 150	300	33303			1000
ysj/condi-diff/density_gen/mid-dens/POSCAR-4.53-6	opt	Ge Se	150 150	300	33303			1000
ysj/condi-diff/density_gen/mid-dens/POSCAR-4.53-10	opt	Ge Se	150 150	300	33303			1000
ysj/condi-diff/density_gen/mid-dens/POSCAR-4.53-12	opt	Ge Se	150 150	300	33303			1000
ysj/condi-diff/density_gen/mid-dens/POSCAR-4.53-14	opt	Ge Se	150 150	300	33303			1000
ysj/condi-diff/density_gen/mid-dens/POSCAR-4.53-16	opt	Ge Se	150 150	300	33303			1000
ysj/condi-diff/density_gen/mid-dens/POSCAR-4.53-17	opt	Ge Se	150 150	300	33303			1000
ysj/condi-diff/density_gen/mid-dens/POSCAR-4.53-19	opt	Ge Se	150 150	300	33303			1000
ysj/condi-diff/density_gen/mid-dens/POSCAR-4.53-21	opt	Ge Se	150 150	300	33303			1000
ysj/condi-diff/density_gen/mid-dens/POSCAR-4.53-23	opt	Ge Se	150 150	300	33303			1000
ysj/condi-diff/density_gen/mid-dens/POSCAR-4.53-25	opt	Ge Se	150 150	300	33303			1000
ysj/condi-diff/density_gen/mid-dens/POSCAR-4.53-28	opt	Ge Se	150 150	300	33303			1000
ysj/condi-diff/density_gen/mid-dens/POSCAR-4.53-30	opt	Ge Se	150 150	300	33303			1000
ysj/condi-diff/density_gen/mid-dens/POSCAR-4.53-32	opt	Ge Se	150 150	300	33303			1000
ysj/condi-diff/density_gen/mid-dens/POSCAR-4.53-34	opt	Ge Se	150 150	300	33303			1000
ysj/condi-diff/density_gen/mid-dens/POSCAR-4.53-36	opt	Ge Se	150 150	300	33303			1000
ysj/condi-diff/density_gen/mid-dens/POSCAR-4.53-37	opt	Ge Se	150 150	300	33303			1000
ysj/condi-diff/density_gen/mid-dens/POSCAR-4.53-39	opt	Ge Se	150 150	300	33303			1000
ysj/condi-diff/density_gen/mid-dens/POSCAR-4.53-3	opt	Ge Se	150 150	300	33303			1000
ysj/condi-diff/density_gen/mid-dens/POSCAR-4.53-5	opt	Ge Se	150 150	300	33303			1000
ysj/condi-diff/density_gen/mid-dens/POSCAR-4.53-7	opt	Ge Se	150 150	300	33303			1000
ysj/condi-diff/density_gen/mid-dens/POSCAR-4.53-8	opt	Ge Se	150 150	300	33303			1000
ysj/condi-diff/density_gen/mid-dens/POSCAR-4.53-9	opt	Ge Se	150 150	300	33303			1000
ysj/condi-diff/density_gen/mid-dens/POSCAR-4.53-11	opt	Ge Se	150 150	300	33303			1000
ysj/condi-diff/density_gen/mid-dens/POSCAR-4.53-13	opt	Ge Se	150 150	300	33303			1000
ysj/condi-diff/density_gen/mid-dens/POSCAR-4.53-15	opt	Ge Se	150 150	300	33303			1000
ysj/condi-diff/density_gen/mid-dens/POSCAR-4.53-18	opt	Ge Se	150 150	300	33303			1000
ysj/condi-diff/density_gen/mid-dens/POSCAR-4.53-20	opt	Ge Se	150 150	300	33303			1000
ysj/condi-diff/density_gen/mid-dens/POSCAR-4.53-22	opt	Ge Se	150 150	300	33303			1000
ysj/condi-diff/density_gen/mid-dens/POSCAR-4.53-24	opt	Ge Se	150 150	300	33303			1000
ysj/condi-diff/density_gen/mid-dens/POSCAR-4.53-26	opt	Ge Se	150 150	300	33303			1000
ysj/condi-diff/density_gen/mid-dens/POSCAR-4.53-27	opt	Ge Se	150 150	300	33303			1000
ysj/condi-diff/density_gen/mid-dens/POSCAR-4.53-29	opt	Ge Se	150 150	300	33303			1000
ysj/condi-diff/density_gen/mid-dens/POSCAR-4.53-31	opt	Ge Se	150 150	300	33303			1000
ysj/condi-diff/density_gen/mid-dens/POSCAR-4.53-33	opt	Ge Se	150 150	300	33303			1000
ysj/condi-diff/density_gen/mid-dens/POSCAR-4.53-35	opt	Ge Se	150 150	300	33303			1000
ysj/condi-diff/density_gen/mid-dens/POSCAR-4.53-38	opt	Ge Se	150 150	300	33303			1000
ysj/condi-diff/density_gen/mid-dens/POSCAR-4.53-40	opt	Ge Se	150 150	300	33303			1000
ysj/condi-diff/density_gen/high_dens/POSCAR-4.91-1	opt	Ge Se	150 150	300	33303			1000
ysj/condi-diff/density_gen/high_dens/POSCAR-4.91-2	opt	Ge Se	150 150	300	33303			1000
ysj/condi-diff/density_gen/high_dens/POSCAR-4.91-6	opt	Ge Se	150 150	300	33303			1000
ysj/condi-diff/density_gen/high_dens/POSCAR-4.91-7	opt	Ge Se	150 150	300	33303			1000
ysj/condi-diff/density_gen/high_dens/POSCAR-4.91-10	opt	Ge Se	150 150	300	33303			1000
ysj/condi-diff/density_gen/high_dens/POSCAR-4.91-12	opt	Ge Se	150 150	300	33303			1000
ysj/condi-diff/density_gen/high_dens/POSCAR-4.91-14	opt	Ge Se	150 150	300	33303			1000
ysj/condi-diff/density_gen/high_dens/POSCAR-4.91-16	opt	Ge Se	150 150	300	33303			1000
ysj/condi-diff/density_gen/high_dens/POSCAR-4.91-18	opt	Ge Se	150 150	300	33303			1000
ysj/condi-diff/density_gen/high_dens/POSCAR-4.91-23	opt	Ge Se	150 150	300	33303			1000
ysj/condi-diff/density_gen/high_dens/POSCAR-4.91-25	opt	Ge Se	150 150	300	33303			1000
ysj/condi-diff/density_gen/high_dens/POSCAR-4.91-27	opt	Ge Se	150 150	300	33303			1000
ysj/condi-diff/density_gen/high_dens/POSCAR-4.91-29	opt	Ge Se	150 150	300	33303			1000
ysj/condi-diff/density_gen/high_dens/POSCAR-4.91-30	opt	Ge Se	150 150	300	33303			1000
ysj/condi-diff/density_gen/high_dens/POSCAR-4.91-32	opt	Ge Se	150 150	300	33303			1000
ysj/condi-diff/density_gen/high_dens/POSCAR-4.91-34	opt	Ge Se	150 150	300	33303			1000
ysj/condi-diff/density_gen/high_dens/POSCAR-4.91-36	opt	Ge Se	150 150	300	33303			1000
ysj/condi-diff/density_gen/high_dens/POSCAR-4.91-38	opt	Ge Se	150 150	300	33303			1000
ysj/condi-diff/density_gen/high_dens/POSCAR-4.91-40	opt	Ge Se	150 150	300	33303			1000
ysj/condi-diff/density_gen/high_dens/POSCAR-4.91-3	opt	Ge Se	150 150	300	33303			1000
ysj/condi-diff/density_gen/high_dens/POSCAR-4.91-4	opt	Ge Se	150 150	300	33303			1000
ysj/condi-diff/density_gen/high_dens/POSCAR-4.91-5	opt	Ge Se	150 150	300	33303			1000
ysj/condi-diff/density_gen/high_dens/POSCAR-4.91-8	opt	Ge Se	150 150	300	33303			1000
ysj/condi-diff/density_gen/high_dens/POSCAR-4.91-9	opt	Ge Se	150 150	300	33303			1000
ysj/condi-diff/density_gen/high_dens/POSCAR-4.91-11	opt	Ge Se	150 150	300	33303			1000
ysj/condi-diff/density_gen/high_dens/POSCAR-4.91-13	opt	Ge Se	150 150	300	33303			1000
ysj/condi-diff/density_gen/high_dens/POSCAR-4.91-15	opt	Ge Se	150 150	300	33303			1000
ysj/condi-diff/density_gen/high_dens/POSCAR-4.91-17	opt	Ge Se	150 150	300	33303			1000
ysj/condi-diff/density_gen/high_dens/POSCAR-4.91-19	opt	Ge Se	150 150	300	33303			1000
ysj/condi-diff/density_gen/high_dens/POSCAR-4.91-20	opt	Ge Se	150 150	300	33303			1000
ysj/condi-diff/density_gen/high_dens/POSCAR-4.91-22	opt	Ge Se	150 150	300	33303			1000
ysj/condi-diff/density_gen/high_dens/POSCAR-4.91-24	opt	Ge Se	150 150	300	33303			1000
ysj/condi-diff/density_gen/high_dens/POSCAR-4.91-26	opt	Ge Se	150 150	300	33303			1000
ysj/condi-diff/density_gen/high_dens/POSCAR-4.91-28	opt	Ge Se	150 150	300	33303			1000
ysj/condi-diff/density_gen/high_dens/POSCAR-4.91-31	opt	Ge Se	150 150	300	33303			1000
ysj/condi-diff/density_gen/high_dens/POSCAR-4.91-33	opt	Ge Se	150 150	300	33303			1000
ysj/condi-diff/density_gen/high_dens/POSCAR-4.91-35	opt	Ge Se	150 150	300	33303			1000
ysj/condi-diff/density_gen/high_dens/POSCAR-4.91-37	opt	Ge Se	150 150	300	33303			1000
ysj/condi-diff/density_gen/high_dens/POSCAR-4.91-39	opt	Ge Se	150 150	300	33303			1000
ysj/condi-diff/density_gen/high_dens/POSCAR-4.91-41	opt	Ge Se	150 150	300	33303			1000
ysj/condi-diff/density_gen/low_dens/POSCAR-4.15-1	opt	Ge Se	150 150	300	33303			1000
ysj/condi-diff/density_gen/low_dens/POSCAR-4.15-2	opt	Ge Se	150 150	300	33303			1000
ysj/condi-diff/density_gen/low_dens/POSCAR-4.15-4	opt	Ge Se	150 150	300	33303			1000
ysj/condi-diff/density_gen/low_dens/POSCAR-4.15-6	opt	Ge Se	150 150	300	33303			1000
ysj/condi-diff/density_gen/low_dens/POSCAR-4.15-8	opt	Ge Se	150 150	300	33303			1000
ysj/condi-diff/density_gen/low_dens/POSCAR-4.15-9	opt	Ge Se	150 150	300	33303			1000
ysj/condi-diff/density_gen/low_dens/POSCAR-4.15-10	opt	Ge Se	150 150	300	33303			1000
ysj/condi-diff/density_gen/low_dens/POSCAR-4.15-13	opt	Ge Se	150 150	300	33303			1000
ysj/condi-diff/density_gen/low_dens/POSCAR-4.15-15	opt	Ge Se	150 150	300	33303			1000
ysj/condi-diff/density_gen/low_dens/POSCAR-4.15-17	opt	Ge Se	150 150	300	33303			1000
ysj/condi-diff/density_gen/low_dens/POSCAR-4.15-19	opt	Ge Se	150 150	300	33303			1000
ysj/condi-diff/density_gen/low_dens/POSCAR-4.15-20	opt	Ge Se	150 150	300	33303			1000
ysj/condi-diff/density_gen/low_dens/POSCAR-4.15-22	opt	Ge Se	150 150	300	33303			1000
ysj/condi-diff/density_gen/low_dens/POSCAR-4.15-25	opt	Ge Se	150 150	300	33303			1000
ysj/condi-diff/density_gen/low_dens/POSCAR-4.15-27	opt	Ge Se	150 150	300	33303			1000
ysj/condi-diff/density_gen/low_dens/POSCAR-4.15-29	opt	Ge Se	150 150	300	33303			1000
ysj/condi-diff/density_gen/low_dens/POSCAR-4.15-30	opt	Ge Se	150 150	300	33303			1000
ysj/condi-diff/density_gen/low_dens/POSCAR-4.15-32	opt	Ge Se	150 150	300	33303			1000
ysj/condi-diff/density_gen/low_dens/POSCAR-4.15-34	opt	Ge Se	150 150	300	33303			1000
ysj/condi-diff/density_gen/low_dens/POSCAR-4.15-37	opt	Ge Se	150 150	300	33303			1000
ysj/condi-diff/density_gen/low_dens/POSCAR-4.15-39	opt	Ge Se	150 150	300	33303			1000
ysj/condi-diff/density_gen/low_dens/POSCAR-4.15-3	opt	Ge Se	150 150	300	33303			1000
ysj/condi-diff/density_gen/low_dens/POSCAR-4.15-5	opt	Ge Se	150 150	300	33303			1000
ysj/condi-diff/density_gen/low_dens/POSCAR-4.15-7	opt	Ge Se	150 150	300	33303			1000
ysj/condi-diff/density_gen/low_dens/POSCAR-4.15-11	opt	Ge Se	150 150	300	33303			1000
ysj/condi-diff/density_gen/low_dens/POSCAR-4.15-12	opt	Ge Se	150 150	300	33303			1000
ysj/condi-diff/density_gen/low_dens/POSCAR-4.15-14	opt	Ge Se	150 150	300	33303			1000
ysj/condi-diff/density_gen/low_dens/POSCAR-4.15-16	opt	Ge Se	150 150	300	33303			1000
ysj/condi-diff/density_gen/low_dens/POSCAR-4.15-18	opt	Ge Se	150 150	300	33303			1000
ysj/condi-diff/density_gen/low_dens/POSCAR-4.15-21	opt	Ge Se	150 150	300	33303			1000
ysj/condi-diff/density_gen/low_dens/POSCAR-4.15-23	opt	Ge Se	150 150	300	33303			1000
ysj/condi-diff/density_gen/low_dens/POSCAR-4.15-24	opt	Ge Se	150 150	300	33303			1000
ysj/condi-diff/density_gen/low_dens/POSCAR-4.15-26	opt	Ge Se	150 150	300	33303			1000
ysj/condi-diff/density_gen/low_dens/POSCAR-4.15-28	opt	Ge Se	150 150	300	33303			1000
ysj/condi-diff/density_gen/low_dens/POSCAR-4.15-31	opt	Ge Se	150 150	300	33303			1000
ysj/condi-diff/density_gen/low_dens/POSCAR-4.15-33	opt	Ge Se	150 150	300	33303			1000
ysj/condi-diff/density_gen/low_dens/POSCAR-4.15-35	opt	Ge Se	150 150	300	33303			1000
ysj/condi-diff/density_gen/low_dens/POSCAR-4.15-36	opt	Ge Se	150 150	300	33303			1000
ysj/condi-diff/density_gen/low_dens/POSCAR-4.15-38	opt	Ge Se	150 150	300	33303			1000
ysj/condi-diff/density_gen/low_dens/POSCAR-4.15-40	opt	Ge Se	150 150	300	33303			1000
ysj/condi-diff/energy-gen/1	opt	Ge Se	148 144	292	32423			1000
ysj/condi-diff/energy-gen/2	opt	Ge Se	149 143	292	32423			1000
ysj/condi-diff/energy-gen/3-MACE-GUIDE	opt	Ge Se	151 149	300	33303			1000
ysj/condi-diff/energy-gen/5-bfgs	opt	Ge Se	147 153	300	33303			1000
ysj/condi-diff/energy-gen/4-mace-guide-lbfgs	opt	Ge Se	145 155	300	33303			1000
ysj/condi-diff/energy-gen/6-LBFGSLINESERACH	opt	Ge Se	150 150	300	33303			1000
ysj/condi-diff/gen-1/relax	opt	Ge Se	155 155	310	34403			1000
ysj/condi-diff/z-gen-1/relax	opt	Ge Se	106 106	212	23623			1000
ysj/3-GeSe-Te-Si/3-opt	opt	Ge Se Te Si	105 105 45 45	300	33325			1000
ysj/8-Ge/2-quench/3-2001frames/3-opt	opt	Ge	300	300	33292			1000
ysj/8-Ge/2-quench/4-3001frames/3-opt	opt	Ge	300	300	33292			1000
ysj/8-Ge/2-quench/5-4001frames/3-opt	opt	Ge	300	300	33292			1000
ysj/8-Ge/2-quench/8-7001frames/3-opt	opt	Ge	300	300	33292			1000
ysj/8-Ge/2-quench/9-8001frames/3-opt	opt	Ge	300	300	33292			1000
ysj/8-Ge/2-quench/11-10001frames/3-opt	opt	Ge	300	300	33292			1000
ysj/8-Ge/2-quench/13-12001frames/3-opt	opt	Ge	300	300	33292			1000
ysj/8-Ge/2-quench/15-14001frames/3-opt	opt	Ge	300	300	33292			1000
ysj/8-Ge/2-quench/16-15001frames/3-opt	opt	Ge	300	300	33292			1000
ysj/8-Ge/2-quench/17-16001frames/3-opt	opt	Ge	300	300	33292			1000
ysj/8-Ge/2-quench/18-17001frames/3-opt	opt	Ge	300	300	33292			1000
ysj/8-Ge/2-quench/19-18001frames/3-opt	opt	Ge	300	300	33292			1000
ysj/8-Ge/2-quench/20-19001frames/3-opt	opt	Ge	300	300	33292			1000
ysj/8-Ge/2-quench/1-1frames/3-opt	opt	Ge	300	300	33292			1000
ysj/8-Ge/2-quench/2-1001frames/3-opt	opt	Ge	300	300	33292			1000
ysj/8-Ge/2-quench/6-5001frames/3-opt	opt	Ge	300	300	33292			1000
ysj/8-Ge/2-quench/7-6001frames/3-opt	opt	Ge	300	300	33292			1000
ysj/8-Ge/2-quench/10-9001frames/3-opt	opt	Ge	300	300	33292			1000
ysj/8-Ge/2-quench/12-11001frames/3-opt	opt	Ge	300	300	33292			1000
ysj/8-Ge/2-quench/14-13001frames/3-opt	opt	Ge	300	300	33292			1000
ysj/9-Sb/2-quench/1-1000frames/3-opt	opt	Sb	300	300	33292			1000
ysj/9-Sb/2-quench/3-3000frames/3-opt	opt	Sb	300	300	33292			1000
ysj/9-Sb/2-quench/8-8000frames/3-opt	opt	Sb	300	300	33292			1000
ysj/9-Sb/2-quench/9-9000frames/3-opt	opt	Sb	300	300	33292			1000
ysj/9-Sb/2-quench/10-10000frames/3-opt	opt	Sb	300	300	33292			1000
ysj/9-Sb/2-quench/12-12000frames/3-opt	opt	Sb	300	300	33292			1000
ysj/9-Sb/2-quench/17-17000frames/3-opt	opt	Sb	300	300	33292			1000
ysj/9-Sb/2-quench/20-20000frames/3-opt	opt	Sb	300	300	33292			1000
ysj/9-Sb/2-quench/2-2000frames/3-opt	opt	Sb	300	300	33292			1000
ysj/9-Sb/2-quench/4-4000frames/3-opt	opt	Sb	300	300	33292			1000
ysj/9-Sb/2-quench/5-5000frames/3-opt	opt	Sb	300	300	33292			1000
ysj/9-Sb/2-quench/6-6000frames/3-opt	opt	Sb	300	300	33292			1000
ysj/9-Sb/2-quench/7-7000frames/3-opt	opt	Sb	300	300	33292			1000
ysj/9-Sb/2-quench/11-11000frames/3-opt	opt	Sb	300	300	33292			1000
ysj/9-Sb/2-quench/13-13000frames/3-opt	opt	Sb	300	300	33292			1000
ysj/9-Sb/2-quench/14-14000frames/3-opt	opt	Sb	300	300	33292			1000
ysj/9-Sb/2-quench/15-15000frames/3-opt	opt	Sb	300	300	33292			1000
ysj/9-Sb/2-quench/16-16000frames/3-opt	opt	Sb	300	300	33292			1000
ysj/9-Sb/2-quench/18-18000frames/3-opt	opt	Sb	300	300	33292			1000
ysj/9-Sb/2-quench/19-19000frames/3-opt	opt	Sb	300	300	33292			1000
ysj/patent/3/1-GeSe-PSb/30%/model	opt	Ge P Sb Se	84 36 36 84	240	26725			100
ysj/patent/3/2-GeS-SiN/model	opt	Ge Si N S	108 12 12 108	240	26725			100
ysj/patent/3/3-GeTe9-InSe/3-opt	opt	Ge In Se Te	22 12 12 194	240	26725			100
ysj/patent/2/Si-30%/model	opt	Ga S Si	105 105 90	300	33314			100
ysj/patent/2/N-15%/model	opt	Ga S N	128 127 45	300	33314			100
ysj/5-Se/2-quench/1-1frames/3-opt	opt	Se	300	300	33292			1000
ysj/5-Se/2-quench/2-1001frames/3-opt	opt	Se	300	300	33292			1000
ysj/5-Se/2-quench/3-2001frames/3-opt	opt	Se	300	300	33292			1000
ysj/5-Se/2-quench/4-3001frames/3-opt	opt	Se	300	300	33292			1000
ysj/5-Se/2-quench/6-5001frames/3-opt	opt	Se	300	300	33292			1000
ysj/5-Se/2-quench/7-6001frames/3-opt	opt	Se	300	300	33292			1000
ysj/5-Se/2-quench/9-8001frames/3-opt	opt	Se	300	300	33292			1000
ysj/5-Se/2-quench/10-9001frames/3-opt	opt	Se	300	300	33292			1000
ysj/5-Se/2-quench/13-12001frames/3-opt	opt	Se	300	300	33292			1000
ysj/5-Se/2-quench/15-14001frames/3-opt	opt	Se	300	300	33292			1000
ysj/5-Se/2-quench/17-16001frames/3-opt	opt	Se	300	300	33292			1000
ysj/5-Se/2-quench/18-17001frames/3-opt	opt	Se	300	300	33292			1000
ysj/5-Se/2-quench/19-18001frames/3-opt	opt	Se	300	300	33292			1000
ysj/5-Se/2-quench/20-19001frames/3-opt	opt	Se	300	300	33292			1000
ysj/5-Se/2-quench/5-4001frames/3-opt	opt	Se	300	300	33292			1000
ysj/5-Se/2-quench/8-7001frames/3-opt	opt	Se	300	300	33292			1000
ysj/5-Se/2-quench/11-10001frames/3-opt	opt	Se	300	300	33292			1000
ysj/5-Se/2-quench/12-11001frames/3-opt	opt	Se	300	300	33292			1000
ysj/5-Se/2-quench/14-13001frames/3-opt	opt	Se	300	300	33292			1000
ysj/5-Se/2-quench/16-15001frames/3-opt	opt	Se	300	300	33292			1000
ysj/5-Se/model1/3-opt	opt	Se	300	300	33292			1000
ysj/Ti	opt	Ti	256	256	28452			500
ysj/10-Te/2-quench/4-4000frames/3-opt	opt	Te	300	300	33292			1000
ysj/10-Te/2-quench/6-6000frames/3-opt	opt	Te	300	300	33292			1000
ysj/10-Te/2-quench/9-9000frames/3-opt	opt	Te	300	300	33292			1000
ysj/10-Te/2-quench/1-1000frames/3-opt	opt	Te	300	300	33292			1000
ysj/10-Te/2-quench/2-2000frames/3-opt	opt	Te	300	300	33292			1000
ysj/10-Te/2-quench/3-3000frames/3-opt	opt	Te	300	300	33292			1000
ysj/10-Te/2-quench/5-5000frames/3-opt	opt	Te	300	300	33292			1000
ysj/10-Te/2-quench/7-7000frames/3-opt	opt	Te	300	300	33292			1000
ysj/10-Te/2-quench/8-8000frames/3-opt	opt	Te	300	300	33292			1000
ysj/10-Te/2-quench/10-10000frames/3-opt	opt	Te	300	300	33292			1000
ysj/10-Te/3-quench/1-725frames/3-opt	opt	Te	300	300	33292			1000
ysj/10-Te/3-quench/2-1725frames/3-opt	opt	Te	300	300	33292			1000
ysj/10-Te/3-quench/3-2725frames/3-opt	opt	Te	300	300	33292			1000
ysj/10-Te/3-quench/6-5725frames/3-opt	opt	Te	300	300	33292			1000
ysj/10-Te/3-quench/7-6725frames/3-opt	opt	Te	300	300	33292			1000
ysj/10-Te/3-quench/8-7725frames/3-opt	opt	Te	300	300	33292			1000
ysj/10-Te/3-quench/9-8725frames/3-opt	opt	Te	300	300	33292			1000
ysj/10-Te/3-quench/4-3725frames/3-opt	opt	Te	300	300	33292			1000
ysj/10-Te/3-quench/5-4725frames/3-opt	opt	Te	300	300	33292			1000
ysj/10-Te/3-quench/10-9725frames/3-opt	opt	Te	300	300	33292			1000
ysj/2-GeAsSe/3-opt	opt	Ge As Se	120 60 120	300	33314			1000
ysj/4-GeSe-Te-Si-As/3-opt	opt	Ge Se Te Si As	105 105 30 30 30	300	33336			1000
ysj/11-GSTcheck/8-GeSb/2-quench/5-5000frames/3-opt	opt	Ge Sb	45 255	300	33303			1000
ysj/11-GSTcheck/8-GeSb/2-quench/1-1000frames/3-opt	opt	Ge Sb	45 255	300	33303			1000
ysj/11-GSTcheck/8-GeSb/2-quench/2-2000frames/3-opt	opt	Ge Sb	45 255	300	33303			1000
ysj/11-GSTcheck/8-GeSb/2-quench/3-3000frames/3-opt	opt	Ge Sb	45 255	300	33303			1000
ysj/11-GSTcheck/8-GeSb/2-quench/4-4000frames/3-opt	opt	Ge Sb	45 255	300	33303			1000
ysj/11-GSTcheck/8-GeSb/2-quench/6-6000frames/3-opt	opt	Ge Sb	45 255	300	33303			1000
ysj/11-GSTcheck/3-124/2-quench/1-1000frames/3-opt	opt	Ge Sb Te	43 86 172	301	33424			1000
ysj/11-GSTcheck/3-124/2-quench/2-2000frames/3-opt	opt	Ge Sb Te	43 86 172	301	33424			1000
ysj/11-GSTcheck/3-124/2-quench/6-6000frames/3-opt	opt	Ge Sb Te	43 86 172	301	33424			1000
ysj/11-GSTcheck/3-124/2-quench/3-3000frames/3-opt	opt	Ge Sb Te	43 86 172	301	33424			1000
ysj/11-GSTcheck/3-124/2-quench/4-4000frames/3-opt	opt	Ge Sb Te	43 86 172	301	33424			1000
ysj/11-GSTcheck/3-124/2-quench/5-5000frames/3-opt	opt	Ge Sb Te	43 86 172	301	33424			1000
ysj/11-GSTcheck/1-1610/2-quench/2-2000frames/3-opt	opt	Ge Sb Te	17 102 170	289	32104			1000
ysj/11-GSTcheck/1-1610/2-quench/3-3000frames/3-opt	opt	Ge Sb Te	17 102 170	289	32104			1000
ysj/11-GSTcheck/1-1610/2-quench/6-6000frames/3-opt	opt	Ge Sb Te	17 102 170	289	32104			1000
ysj/11-GSTcheck/1-1610/2-quench/1-1000frames/3-opt	opt	Ge Sb Te	17 102 170	289	32104			1000
ysj/11-GSTcheck/1-1610/2-quench/4-4000frames/3-opt	opt	Ge Sb Te	17 102 170	289	32104			1000
ysj/11-GSTcheck/1-1610/2-quench/5-5000frames/3-opt	opt	Ge Sb Te	17 102 170	289	32104			1000
ysj/11-GSTcheck/4-225/2-quench/2-2000frames/3-opt	opt	Ge Sb Te	66 66 165	297	32984			1000
ysj/11-GSTcheck/4-225/2-quench/3-3000frames/3-opt	opt	Ge Sb Te	66 66 165	297	32984			1000
ysj/11-GSTcheck/4-225/2-quench/4-4000frames/3-opt	opt	Ge Sb Te	66 66 165	297	32984			1000
ysj/11-GSTcheck/4-225/2-quench/6-6000frames/3-opt	opt	Ge Sb Te	66 66 165	297	32984			1000
ysj/11-GSTcheck/4-225/2-quench/1-1000frames/3-opt	opt	Ge Sb Te	66 66 165	297	32984			1000
ysj/11-GSTcheck/4-225/2-quench/5-5000frames/3-opt	opt	Ge Sb Te	66 66 165	297	32984			1000
ysj/11-GSTcheck/5-326/2-quench/5-5000frames/3-opt	opt	Ge Sb Te	81 54 162	297	32984			1000
ysj/11-GSTcheck/5-326/2-quench/1-1000frames/3-opt	opt	Ge Sb Te	81 54 162	297	32984			1000
ysj/11-GSTcheck/5-326/2-quench/2-2000frames/3-opt	opt	Ge Sb Te	81 54 162	297	32984			1000
ysj/11-GSTcheck/5-326/2-quench/3-3000frames/3-opt	opt	Ge Sb Te	81 54 162	297	32984			1000
ysj/11-GSTcheck/5-326/2-quench/4-4000frames/3-opt	opt	Ge Sb Te	81 54 162	297	32984			1000
ysj/11-GSTcheck/5-326/2-quench/6-6000frames/3-opt	opt	Ge Sb Te	81 54 162	297	32984			1000
ysj/11-GSTcheck/6-GeTe/2-quench/1-1000frames/3-opt	opt	Ge Te	150 150	300	33303			1000
ysj/11-GSTcheck/6-GeTe/2-quench/2-2000frames/3-opt	opt	Ge Te	150 150	300	33303			1000
ysj/11-GSTcheck/6-GeTe/2-quench/3-3000frames/3-opt	opt	Ge Te	150 150	300	33303			1000
ysj/11-GSTcheck/6-GeTe/2-quench/4-4000frames/3-opt	opt	Ge Te	150 150	300	33303			1000
ysj/11-GSTcheck/6-GeTe/2-quench/5-5000frames/3-opt	opt	Ge Te	150 150	300	33303			1000
ysj/11-GSTcheck/6-GeTe/2-quench/6-6000frames/3-opt	opt	Ge Te	150 150	300	33303			1000
ysj/11-GSTcheck/2-147/2-quench/1-1000frames/3-opt	opt	Ge Sb Te	25 100 175	300	33314			1000
ysj/11-GSTcheck/2-147/2-quench/5-5000frames/3-opt	opt	Ge Sb Te	25 100 175	300	33314			1000
ysj/11-GSTcheck/2-147/2-quench/2-2000frames/3-opt	opt	Ge Sb Te	25 100 175	300	33314			1000
ysj/11-GSTcheck/2-147/2-quench/3-3000frames/3-opt	opt	Ge Sb Te	25 100 175	300	33314			1000
ysj/11-GSTcheck/2-147/2-quench/4-4000frames/3-opt	opt	Ge Sb Te	25 100 175	300	33314			1000
ysj/11-GSTcheck/2-147/2-quench/6-6000frames/3-opt	opt	Ge Sb Te	25 100 175	300	33314			1000
ysj/11-GSTcheck/7-Sb2Te3/2-quench/3-3000frames/3-opt	opt	Sb Te	120 180	300	33303			1000
ysj/11-GSTcheck/7-Sb2Te3/2-quench/1-1000frames/3-opt	opt	Sb Te	120 180	300	33303			1000
ysj/11-GSTcheck/7-Sb2Te3/2-quench/2-2000frames/3-opt	opt	Sb Te	120 180	300	33303			1000
ysj/11-GSTcheck/7-Sb2Te3/2-quench/4-4000frames/3-opt	opt	Sb Te	120 180	300	33303			1000
ysj/11-GSTcheck/7-Sb2Te3/2-quench/5-5000frames/3-opt	opt	Sb Te	120 180	300	33303			1000
ysj/11-GSTcheck/7-Sb2Te3/2-quench/6-6000frames/3-opt	opt	Sb Te	120 180	300	33303			1000
ysj/gete-test/2/relax	opt	Ge Te	150 150	300	33303			1000
ysj/gete-test/4/relax	opt	Ge Te	150 150	300	33303			1000
ysj/gete-test/1/relax	opt	Ge Te	150 150	300	33303			1000
ysj/gete-test/3/relax	opt	Ge Te	150 150	300	33303			1000
ysj/12-GeSe_check/4-GeSe3/3-opt	opt	Ge Se	75 225	300	33303			1000
ysj/12-GeSe_check/4-GeSe3/5-dataset/3-1600/2-opt	opt	Ge Se	75 225	300	33303			1000
ysj/12-GeSe_check/4-GeSe3/5-dataset/5-2000/2-opt	opt	Ge Se	75 225	300	33303			1000
ysj/12-GeSe_check/4-GeSe3/5-dataset/1-1200/2-opt	opt	Ge Se	75 225	300	33303			1000
ysj/12-GeSe_check/4-GeSe3/5-dataset/2-1400/2-opt	opt	Ge Se	75 225	300	33303			1000
ysj/12-GeSe_check/4-GeSe3/5-dataset/4-1800/2-opt	opt	Ge Se	75 225	300	33303			1000
ysj/12-GeSe_check/1-Ge2Se/3-opt	opt	Ge Se	200 100	300	33303			1000
ysj/12-GeSe_check/2-Ge3Se/3-opt	opt	Ge Se	225 75	300	33303			1000
ysj/12-GeSe_check/2-Ge3Se/5-dataset/2-1400/2-opt	opt	Ge Se	225 75	300	33303			1000
ysj/12-GeSe_check/2-Ge3Se/5-dataset/3-1600/2-opt	opt	Ge Se	225 75	300	33303			1000
ysj/12-GeSe_check/2-Ge3Se/5-dataset/1-1200/2-opt	opt	Ge Se	225 75	300	33303			1000
ysj/12-GeSe_check/2-Ge3Se/5-dataset/4-1800/2-opt	opt	Ge Se	225 75	300	33303			1000
ysj/12-GeSe_check/2-Ge3Se/5-dataset/5-2000/2-opt	opt	Ge Se	225 75	300	33303			1000
ysj/12-GeSe_check/5-GeSe/3-opt	opt	Ge Se	150 150	300	33303			1000
ysj/12-GeSe_check/6-Ge3Se7/diff/3-opt	opt	Ge Se	90 210	300	33303			1000
ysj/12-GeSe_check/6-Ge3Se7/dft/3-opt	opt	Ge Se	90 210	300	33303			1000
ysj/12-GeSe_check/7-Ge7Se3/diff/3-opt	opt	Ge Se	210 90	300	33303			1000
ysj/12-GeSe_check/0-dos_check/0.0/opt	opt	Se	300	300	33292			1000
ysj/12-GeSe_check/0-dos_check/0.7/opt	opt	Ge Se	210 90	300	33303			1000
ysj/12-GeSe_check/0-dos_check/1.0/opt	opt	Ge	300	300	33292			1000
ysj/12-GeSe_check/0-dos_check/candidate_nGe/1-ge_chains_proxy/1-top	opt	Ge Se	149 151	300	33303			1000
ysj/12-GeSe_check/0-dos_check/candidate_nGe/1-ge_chains_proxy/2-median	opt	Ge Se	149 151	300	33303			1000
ysj/12-GeSe_check/0-dos_check/candidate_nGe/1-ge_chains_proxy/3-bottom	opt	Ge Se	149 151	300	33303			1000
ysj/12-GeSe_check/0-dos_check/candidate_nGe/4-pld/1-top	opt	Ge Se	149 151	300	33303			1000
ysj/12-GeSe_check/0-dos_check/candidate_nGe/4-pld/2-median	opt	Ge Se	149 151	300	33303			1000
ysj/12-GeSe_check/0-dos_check/candidate_nGe/4-pld/3-bottom	opt	Ge Se	149 151	300	33303			1000
ysj/12-GeSe_check/0-dos_check/candidate_nGe/2-homopolar/3-bottom	opt	Ge Se	149 151	300	33303			1000
ysj/12-GeSe_check/0-dos_check/candidate_nGe/2-homopolar/1-top	opt	Ge Se	149 151	300	33303			1000
ysj/12-GeSe_check/0-dos_check/candidate_nGe/2-homopolar/2-median	opt	Ge Se	149 151	300	33303			1000
ysj/12-GeSe_check/0-dos_check/candidate_nGe/3-ideal_coord_num/3-bottom	opt	Ge Se	149 151	300	33303			1000
ysj/12-GeSe_check/0-dos_check/candidate_nGe/3-ideal_coord_num/1-top	opt	Ge Se	149 151	300	33303			1000
ysj/12-GeSe_check/0-dos_check/candidate_nGe/3-ideal_coord_num/2-median	opt	Ge Se	149 151	300	33303			1000
ysj/12-GeSe_check/0-dos_check/0.3/opt	opt	Ge Se	90 210	300	33303			1000
ysj/12-GeSe_check/0-dos_check/0.5/opt	opt	Ge Se	150 150	300	33303			1000
ysj/12-GeSe_check/0-dos_check/0.5/md/opt	opt	Ge Se	150 150	300	33303			1000
ysj/12-GeSe_check/0-dos_check/0.5/md_2_pre_relax_cell/opt	opt	Ge Se	150 150	300	33303			1000
ysj/12-GeSe_check/0-dos_check/dense/0.40/opt	opt	Ge Se	121 179	300	33303			1000
ysj/12-GeSe_check/0-dos_check/dense/0.50/opt	opt	Ge Se	150 150	300	33303			1000
ysj/12-GeSe_check/0-dos_check/dense/0.60/opt	opt	Ge Se	182 118	300	33303			1000
ysj/12-GeSe_check/0-dos_check/dense/0.45/opt	opt	Ge Se	136 164	300	33303			1000
ysj/12-GeSe_check/0-dos_check/dense/0.55/opt	opt	Ge Se	165 135	300	33303			1000
ysj/12-GeSe_check/0-dos_check/candidate/aligned/2-median	opt	Ge Se	149 151	300	33303			1000
ysj/12-GeSe_check/0-dos_check/candidate/aligned/1-top	opt	Ge Se	155 145	300	33303			1000
ysj/12-GeSe_check/0-dos_check/candidate/aligned/3-bottom	opt	Ge Se	150 150	300	33303			1000
ysj/12-GeSe_check/0-dos_check/candidate/overcoord/1-top	opt	Ge Se	151 149	300	33303			1000
ysj/12-GeSe_check/0-dos_check/candidate/overcoord/3-bottom	opt	Ge Se	149 151	300	33303			1000
ysj/12-GeSe_check/0-dos_check/candidate/overcoord/2-median	opt	Ge Se	147 153	300	33303			1000
ysj/12-GeSe_check/0-dos_check/candidate/pld_rich/1-top	opt	Ge Se	152 148	300	33303			1000
ysj/12-GeSe_check/0-dos_check/candidate/pld_rich/2-median	opt	Ge Se	152 148	300	33303			1000
ysj/12-GeSe_check/0-dos_check/candidate/pld_rich/3-bottom	opt	Ge Se	154 146	300	33303			1000
ysj/12-GeSe_check/0-dos_check/candidate_2/1-ge_chains_proxy/2-median	opt	Ge Se	146 154	300	33303			1000
ysj/12-GeSe_check/0-dos_check/candidate_2/1-ge_chains_proxy/1-top	opt	Ge Se	149 151	300	33303			1000
ysj/12-GeSe_check/0-dos_check/candidate_2/1-ge_chains_proxy/3-bottom	opt	Ge Se	146 154	300	33303			1000
ysj/12-GeSe_check/0-dos_check/candidate_2/2-homopolar_bond/1-top	opt	Ge Se	155 145	300	33303			1000
ysj/12-GeSe_check/0-dos_check/candidate_2/2-homopolar_bond/2-median	opt	Ge Se	150 150	300	33303			1000
ysj/12-GeSe_check/0-dos_check/candidate_2/2-homopolar_bond/3-bottom	opt	Ge Se	143 157	300	33303			1000
ysj/12-GeSe_check/0-dos_check/candidate_2/3-ideal_coord_number/2-median	opt	Ge Se	150 150	300	33303			1000
ysj/12-GeSe_check/0-dos_check/candidate_2/3-ideal_coord_number/1-top	opt	Ge Se	147 153	300	33303			1000
ysj/12-GeSe_check/0-dos_check/candidate_2/3-ideal_coord_number/3-bottom	opt	Ge Se	153 147	300	33303			1000
ysj/12-GeSe_check/temp_check/100/2000	opt	Ge Se	150 150	300	33303			1000
ysj/12-GeSe_check/temp_check/100/1000	opt	Ge Se	150 150	300	33303			1000
ysj/12-GeSe_check/temp_check/100/3000	opt	Ge Se	150 150	300	33303			1000
ysj/12-GeSe_check/temp_check/600/1000	opt	Ge Se	150 150	300	33303			1000
ysj/12-GeSe_check/temp_check/600/3000	opt	Ge Se	150 150	300	33303			1000
ysj/12-GeSe_check/temp_check/600/2000	opt	Ge Se	150 150	300	33303			1000
ysj/12-GeSe_check/temp_check/300/1000	opt	Ge Se	150 150	300	33303			1000
ysj/12-GeSe_check/temp_check/300/2000	opt	Ge Se	150 150	300	33303			1000
ysj/12-GeSe_check/temp_check/300/3000	opt	Ge Se	150 150	300	33303			1000
ysj/12-GeSe_check/3-GeSe2/3-opt	opt	Ge Se	100 200	300	33303			1000
ysj/12-GeSe_check/aug_data/12/2	opt	Ge Se	100 200	300	33303			1000
ysj/12-GeSe_check/aug_data/12/4	opt	Ge Se	100 200	300	33303			1000
ysj/12-GeSe_check/aug_data/12/1	opt	Ge Se	100 200	300	33303			1000
ysj/12-GeSe_check/aug_data/12/3	opt	Ge Se	100 200	300	33303			1000
ysj/12-GeSe_check/aug_data/12/5	opt	Ge Se	100 200	300	33303			1000
ysj/12-GeSe_check/aug_data/21/1	opt	Ge Se	200 100	300	33303			1000
ysj/12-GeSe_check/aug_data/21/3	opt	Ge Se	200 100	300	33303			1000
ysj/12-GeSe_check/aug_data/21/5	opt	Ge Se	200 100	300	33303			1000
ysj/12-GeSe_check/aug_data/21/2	opt	Ge Se	200 100	300	33303			1000
ysj/12-GeSe_check/aug_data/21/4	opt	Ge Se	200 100	300	33303			1000
ysj/12-GeSe_check/aug_data/91/1	opt	Ge Se	270 30	300	33303			1000
ysj/12-GeSe_check/aug_data/91/3	opt	Ge Se	270 30	300	33303			1000
ysj/12-GeSe_check/aug_data/91/5	opt	Ge Se	270 30	300	33303			1000
ysj/12-GeSe_check/aug_data/91/2	opt	Ge Se	270 30	300	33303			1000
ysj/12-GeSe_check/aug_data/91/4	opt	Ge Se	270 30	300	33303			1000
ysj/12-GeSe_check/aug_data/23/3	opt	Ge Se	120 180	300	33303			1000
ysj/12-GeSe_check/aug_data/23/5	opt	Ge Se	120 180	300	33303			1000
ysj/12-GeSe_check/aug_data/23/1	opt	Ge Se	120 180	300	33303			1000
ysj/12-GeSe_check/aug_data/23/2	opt	Ge Se	120 180	300	33303			1000
ysj/12-GeSe_check/aug_data/23/4	opt	Ge Se	120 180	300	33303			1000
ysj/12-GeSe_check/aug_data/32/2	opt	Ge Se	180 120	300	33303			1000
ysj/12-GeSe_check/aug_data/32/5	opt	Ge Se	180 120	300	33303			1000
ysj/12-GeSe_check/aug_data/32/1	opt	Ge Se	180 120	300	33303			1000
ysj/12-GeSe_check/aug_data/32/3	opt	Ge Se	180 120	300	33303			1000
ysj/12-GeSe_check/aug_data/32/4	opt	Ge Se	180 120	300	33303			1000
ysj/12-GeSe_check/aug_data/19/1	opt	Ge Se	30 270	300	33303			1000
ysj/12-GeSe_check/aug_data/19/3	opt	Ge Se	30 270	300	33303			1000
ysj/12-GeSe_check/aug_data/19/5	opt	Ge Se	30 270	300	33303			1000
ysj/12-GeSe_check/aug_data/19/2	opt	Ge Se	30 270	300	33303			1000
ysj/12-GeSe_check/aug_data/19/4	opt	Ge Se	30 270	300	33303			1000
ysj/13-WSe2+MoS2/WSe2/1-opt	opt	W Se	16 32	48	5583			200
ysj/13-WSe2+MoS2/WSe2/3-W-vac/opt	opt	W Se	15 32	47	5473			100
yyf/1-Te/2-inte3/1model/3-opt	opt	In Te	75 225	300	33303			1000
yyf/1-Te/2-inte3/1model/4-opt	opt	In Te	70 210	280	31103			1000
yyf/1-Te/2-inte3/2model/4-opt	opt	In Te	70 210	280	31103			1000
yyf/1-Te/2-inte3/2model/3-opt	opt	In Te	70 210	280	31103			1000
yyf/1-Te/2-inte3/8-6Si/5-opt	opt	In Te Si	70 210 20	300	33314			1000
yyf/1-Te/2-inte3/8-6Si/6-opt	opt	In Te Si	70 210 20	300	33314			1000
yyf/1-Te/2-inte3/8-6Si/7-opt	opt	In Te Si	70 210 20	300	33314			1000
yyf/1-Te/2-inte3/3model/3-opt	opt	In Te	70 210	280	31103			1000
yyf/1-Te/2-inte3/3model/4-opt	opt	In Te	70 210	280	31103			1000
yyf/1-Te/2-inte3/7-exc/1-model/1-move2e/1-opt	opt	In Te	70 210	280	31103			500
yyf/1-Te/3-in2te8/1-models/4-opt	opt	In Te	60 240	300	33303			1000
yyf/1-Te/3-in2te8/1-models/8-opt	opt	In Te	60 240	300	33303			1000
yyf/1-Te/3-in2te8/1-models/9-opt	opt	In Te	60 240	300	33303			1000
yyf/1-Te/3-in2te8/1-models/3-opt	opt	In Te	60 240	300	33303			1000
yyf/1-Te/3-in2te8/1-models/5-opt	opt	In Te	60 240	300	33303			1000
yyf/1-Te/3-in2te8/1-models/6-opt	opt	In Te	60 240	300	33303			1000
yyf/1-Te/3-in2te8/1-models/7-opt	opt	In Te	60 240	300	33303			1000
yyf/1-Te/3-in2te8/3-5Ga/3-opt	opt	In Te Ga	56 224 20	300	33314			1000
yyf/1-Te/3-in2te8/3-5Ga/5-opt	opt	In Te Ga	56 224 20	300	33314			1000
yyf/1-Te/3-in2te8/4-excit/1-add2e/1-opt	opt	In Te	60 240	300	33303			1000
yyf/1-Te/3-in2te8/4-excit/1-add2e/3-opt	opt	In Te	60 240	300	33303			1000
yyf/1-Te/3-in2te8/4-excit/2-move2e/1-opt	opt	In Te	60 240	300	33303			1000
yyf/1-Te/3-in2te8/4-excit/2-move2e/3-opt	opt	In Te	60 240	300	33303			1000
yyf/1-Te/3-in2te8/4-excit/3-add4e/1-opt	opt	In Te	60 240	300	33303			1000
yyf/1-Te/3-in2te8/4-excit/3-add4e/3-opt	opt	In Te	60 240	300	33303			1000
yyf/1-Te/3-in2te8/4-excit/4-add6e/1-opt	opt	In Te	60 240	300	33303			1000
yyf/1-Te/3-in2te8/4-excit/4-add6e/3-opt	opt	In Te	60 240	300	33303			1000
yyf/1-Te/4-GST225/1-opt	opt	Ge Sb Te	2 2 5	9	1304			300
yyf/1-Te/5-IST312/1-h-ist/1-opt	opt	In Sb Te	6 2 4	12	1634			300
yyf/4-crystal/2-PbTe/1-opt	opt	Te Pb	108 108	216	24063			300
yyf/4-crystal/3-GaAs/1-opt	opt	Ga As	108 108	216	24063			300
yyf/4-crystal/6-MgS/1-opt	opt	Mg S	108 108	216	24063			300
yyf/4-crystal/5-cubicSb/1-opt	opt	Sb	216	216	24052			300
yyf/4-crystal/1-ZnSb/1-opt	opt	Zn Sb	64 64	128	14383			300
yyf/4-crystal/4-SnTe/1-opt	opt	Sn Te	108 108	216	24063			300
yyf/2-Se/1-GeCuSe/2-2/1model/2-opt	opt	Ge Se Cu	140 140 20	300	33314			1000
yyf/2-Se/1-GeCuSe/2-2/2model/2-opt	opt	Ge Se Cu	140 140 20	300	33314			1000
yyf/2-Se/1-GeCuSe/2-2/3model/2-opt	opt	Ge Se Cu	140 140 20	300	33314			1000
yyf/2-Se/1-GeCuSe/3-Cu/3-15/5-opt	opt	Ge Se Cu	140 140 20	300	33314			1000
yyf/2-Se/1-GeCuSe/3-Cu/3-15/7-opt	opt	Ge Se Cu	140 140 20	300	33314			1000
yyf/2-Se/1-GeCuSe/3-Cu/3-15/6-opt	opt	Ge Se Cu	140 140 20	300	33314			1000
yyf/2-Se/1-GeCuSe/3-Cu/1-5%/5-opt	opt	Ge Se Cu	146 146 8	300	33314			1000
yyf/2-Se/1-GeCuSe/3-Cu/1-5%/12-opt	opt	Ge Se Cu	146 146 8	300	33314			1000
yyf/2-Se/1-GeCuSe/3-Cu/1-5%/9-opt	opt	Ge Se Cu	146 146 8	300	33314			1000
yyf/2-Se/1-GeCuSe/3-Cu/1-5%/0-opt	opt	Ge Se Cu	146 146 8	300	33314			1000
yyf/2-Se/1-GeCuSe/3-Cu/1-5%/13-opt	opt	Ge Se Cu	146 146 8	300	33314			1000
yyf/2-Se/1-GeCuSe/3-Cu/1-5%/6-opt	opt	Ge Se Cu	146 146 8	300	33314			1000
yyf/2-Se/1-GeCuSe/3-Cu/1-5%/11-opt	opt	Ge Se Cu	146 146 8	300	33314			1000
yyf/2-Se/1-GeCuSe/3-Cu/1-5%/7-optn	opt	Ge Se Cu	146 146 8	300	33314			1000
yyf/2-Se/1-GeCuSe/3-Cu/2-10/3-opt	opt	Ge Se Cu	143 143 14	300	33314			1000
yyf/2-Se/1-GeCuSe/3-Cu/2-10/4-opt	opt	Ge Se Cu	143 143 14	300	33314			1000
yyf/2-Se/1-GeCuSe/3-Cu/4-20/12-opt1	opt	Ge Se Cu	136 136 28	300	33314			1000
yyf/2-Se/1-GeCuSe/3-Cu/4-20/16-opt	opt	Ge Se Cu	136 136 28	300	33314			1000
yyf/2-Se/1-GeCuSe/3-Cu/4-20/3-optN	opt	Ge Se Cu	136 136 28	300	33314			1000
yyf/2-Se/1-GeCuSe/3-Cu/4-20/9-opt1N	opt	Ge Se Cu	136 136 28	300	33314			1000
yyf/2-Se/1-GeCuSe/3-Cu/4-20/4-opt1	opt	Ge Se Cu	136 136 28	300	33314			1000
yyf/2-Se/1-GeCuSe/3-Cu/4-20/5-optN	opt	Ge Se Cu	136 136 28	300	33314			1000
yyf/2-Se/1-GeCuSe/3-Cu/4-20/7-optN	opt	Ge Se Cu	136 136 28	300	33314			1000
yyf/2-Se/1-GeCuSe/3-Cu/4-20/11-optN	opt	Ge Se Cu	136 136 28	300	33314			1000
yyf/2-Se/1-GeCuSe/3-Cu/4-20/6-optN	opt	Ge Se Cu	136 136 28	300	33314			1000
yyf/2-Se/1-GeCuSe/3-Cu/4-20/10-optgg	opt	Ge Se Cu	136 136 28	300	33314			1000
yyf/2-Se/1-GeCuSe/3-Cu/4-20/8-optgg	opt	Ge Se Cu	136 136 28	300	33314			1000
yyf/3-S/1-GeSiS/1-3%/5-opt	opt	Ge S Si	150 150 9	309	34304			1000
yyf/3-S/1-GeSiS/1-3%/6-opt	opt	Ge S Si	145 145 10	300	33314			1000
yyf/3-S/1-GeSiS/1-3%/7-opt	opt	Ge S Si	145 145 10	300	33314			1000
yyf/3-S/1-GeSiS/1-3%/111111-opt	opt	Ge S Si	150 150 9	309	34304			1000
yyf/3-S/1-GeSiS/2-6%/5-opt	opt	Ge S Si	141 141 18	300	33314			1000
yyf/3-S/1-GeSiS/2-6%/6-opt	opt	Ge S Si	141 141 18	300	33314			1000
yyf/3-S/1-GeSiS/2-6%/7-opt	opt	Ge S Si	141 141 18	300	33314			1000
yyf/3-S/1-GeSiS/2-6%/1111-opt	opt	Ge S Si	150 150 18	318	35294			1000
yyf/3-S/1-GeSiS/3-13%/11111-opt	opt	Ge S Si	150 150 39	339	37604			1000
yyf/3-S/1-GeSiS/3-13%/5-opt	opt	Ge S Si	150 150 39	339	37604			1000
yyf/3-S/1-GeSiS/3-13%/6-opt	opt	Ge S Si	150 150 39	339	37604			1000
yyf/5-O/1-In2O3/3-opt	opt	In O	80 120	200	22303			1000
yyf/5-O/1-In2O3/4-opt	opt	In O	80 120	200	22303			1000
yyf/5-O/1-In2O3/8-300atom/1-model/3-opt	opt	In O	120 179	299	33193			1000
yyf/5-O/1-In2O3/8-300atom/2-model/3-opt	opt	In O	120 180	300	33303			1000
yyf/5-O/1-In2O3/8-300atom/2-model/4-opt	opt	In O	120 180	300	33303			1000
yyf/5-O/1-In2O3/8-300atom/3-model/3-opt	opt	In O	120 180	300	33303			1000
yyf/5-O/1-In2O3/8-300atom/3-model/8-remove1O/1-OPT	opt	In O	120 179	299	33193			1000
yyf/5-O/1-In2O3/8-300atom/3-model/8-remove1O	opt	In O	120 179	299	33193			1000
yyf/5-O/2-InOGW/1-opt	opt	In O	16 24	40	4703			1000
yyf/5-O/4-models/STRUCTURE_109/3-opt	opt	In O	16 24	40	4703			1000
yyf/5-O/4-models/STRUCTURE_110/3-opt	opt	In O	16 24	40	4703			1000
yyf/5-O/4-models/STRUCTURE_1/3-opt	opt	In O	16 24	40	4703			1000
yyf/5-O/4-models/STRUCTURE_3/3-opt	opt	In O	16 24	40	4703			1000
yyf/5-O/4-models/STRUCTURE_4/3-opt	opt	In O	16 24	40	4703			1000
yyf/5-O/4-models/STRUCTURE_120/3-opt	opt	In O	16 24	40	4703			1000
yyf/5-O/4-models/STRUCTURE_112/3-opt	opt	In O	16 24	40	4703			1000
yyf/5-O/4-models/STRUCTURE_115/3-opt	opt	In O	16 24	40	4703			1000
yyf/5-O/4-models/STRUCTURE_119/3-opt	opt	In O	16 24	40	4703			1000
yyf/5-O/4-models/STRUCTURE_101/3-opt	opt	In O	16 24	40	4703			1000
yyf/5-O/4-models/STRUCTURE_101/7-opt	opt	In O	16 24	40	4703			1000
yyf/5-O/4-models/STRUCTURE_103/3-opt	opt	In O	16 24	40	4703			1000
yyf/5-O/4-models/STRUCTURE_104/3-opt	opt	In O	16 24	40	4703			1000
yyf/5-O/4-models/STRUCTURE_106/3-opt	opt	In O	16 24	40	4703			1000
yyf/5-O/4-models/STRUCTURE_107/3-opt	opt	In O	16 24	40	4703			1000
yyf/5-O/4-models/STRUCTURE_202/3-opt	opt	In O	16 24	40	4703			1000
yyf/5-O/4-models/STRUCTURE_113/3-opt	opt	In O	16 24	40	4703			1000
yyf/5-O/4-models/STRUCTURE_105/3-opt	opt	In O	16 24	40	4703			1000
yyf/5-O/4-models/STRUCTURE_108/3-opt	opt	In O	16 24	40	4703			1000
yyf/5-O/4-models/STRUCTURE_118/3-opt	opt	In O	16 24	40	4703			1000
yyf/5-O/4-models/STRUCTURE_2/3-opt	opt	In O	16 24	40	4703			1000
yyf/5-O/4-models/STRUCTURE_5/3-opt	opt	In O	16 24	40	4703			1000
yyf/5-O/4-models/STRUCTURE_111/3-opt	opt	In O	16 24	40	4703			1000
yyf/5-O/4-models/STRUCTURE_114/3-opt	opt	In O	16 24	40	4703			1000
yyf/5-O/4-models/STRUCTURE_116/3-opt	opt	In O	16 24	40	4703			1000
yyf/5-O/4-models/STRUCTURE_117/3-opt	opt	In O	16 24	40	4703			1000
yyf/5-O/4-models/STRUCTURE_102/3-opt	opt	In O	16 24	40	4703			1000
yyf/5-O/4-models/STRUCTURE_201/3-opt	opt	In O	16 24	40	4703			1000
yyf/5-O/4-models/STRUCTURE_203/3-opt	opt	In O	16 24	40	4703			1000
yyf/5-O/4-models/STRUCTURE_204/3-opt	opt	In O	16 24	40	4703			1000
yyf/5-O/5-crystal/6-444cry/1-opt	opt	In O	16 24	40	4703			1000
yyf/5-O/5-crystal/5-nGa/1-opt	opt	Ga O	8 12	20	2503			1000
yyf/5-O/5-crystal/11-80atom/2-remove1O	opt	In O	16 23	39	4593			1000
yyf/5-O/5-crystal/11-80atom/9-1Ga/1-opt	opt	In Ga O	15 1 24	40	4714			1000
yyf/5-O/5-crystal/11-80atom/9-1Ga/3-opt	opt	In Ga O	14 2 24	40	4714			1000
yyf/5-O/5-crystal/11-80atom/9-1Ga/5-opt	opt	In O	16 24	40	4703			1000
yyf/5-O/5-crystal/11-80atom/11-1Ga/1-opt	opt	In Ga O	31 1 48	80	9114			1000
yyf/5-O/5-crystal/11-80atom/13-opt/3-1Oopt	opt	In O	32 47	79	8993			1000
yyf/5-O/5-crystal/11-80atom/13-opt/1-opt	opt	In O	32 48	80	9103			1000
yyf/5-O/5-crystal/11-80atom/10-remove1OHSE/1-opt	opt	In O	32 47	79	8993			1000
yyf/5-O/5-crystal/11-80atom/6-remove1O2+	opt	In O	16 23	39	4593			1000
yyf/5-O/5-crystal/11-80atom/12-Garemove1O/1-opt	opt	In Ga O	31 1 47	79	9004			1000
yyf/5-O/5-crystal/11-80atom/12-Garemove1O/3-opt	opt	In Ga O	31 1 47	79	9004			1000
yyf/5-O/6-models/STRUCTURE_2/3-opt	opt	In O	16 24	40	4703			1000
yyf/5-O/6-models/STRUCTURE_3/3-opt	opt	In O	16 24	40	4703			1000
yyf/5-O/6-models/STRUCTURE_12/3-opt	opt	In O	16 24	40	4703			1000
yyf/5-O/6-models/STRUCTURE_16/3-opt	opt	In O	16 24	40	4703			1000
yyf/5-O/6-models/STRUCTURE_23/3-opt	opt	In O	16 24	40	4703			1000
yyf/5-O/6-models/STRUCTURE_27/3-opt	opt	In O	16 24	40	4703			1000
yyf/5-O/6-models/STRUCTURE_32/3-opt	opt	In O	16 24	40	4703			1000
yyf/5-O/6-models/STRUCTURE_34/3-opt	opt	In O	16 24	40	4703			1000
yyf/5-O/6-models/STRUCTURE_36/3-opt	opt	In O	16 24	40	4703			1000
yyf/5-O/6-models/STRUCTURE_38/3-opt	opt	In O	16 24	40	4703			1000
yyf/5-O/6-models/STRUCTURE_42/3-opt	opt	In O	16 24	40	4703			1000
yyf/5-O/6-models/STRUCTURE_46/3-opt	opt	In O	16 24	40	4703			1000
yyf/5-O/6-models/STRUCTURE_1/3-opt	opt	In O	16 24	40	4703			1000
yyf/5-O/6-models/STRUCTURE_1/9-opt	opt	In O	16 24	40	4703			1000
yyf/5-O/6-models/STRUCTURE_4/3-opt	opt	In O	16 24	40	4703			1000
yyf/5-O/6-models/STRUCTURE_5/3-opt	opt	In O	16 24	40	4703			1000
yyf/5-O/6-models/STRUCTURE_8/3-opt	opt	In O	16 24	40	4703			1000
yyf/5-O/6-models/STRUCTURE_10/3-opt	opt	In O	16 24	40	4703			1000
yyf/5-O/6-models/STRUCTURE_14/3-opt	opt	In O	16 24	40	4703			1000
yyf/5-O/6-models/STRUCTURE_18/3-opt	opt	In O	16 24	40	4703			1000
yyf/5-O/6-models/STRUCTURE_21/3-opt	opt	In O	16 24	40	4703			1000
yyf/5-O/6-models/STRUCTURE_25/3-opt	opt	In O	16 24	40	4703			1000
yyf/5-O/6-models/STRUCTURE_29/3-opt	opt	In O	16 24	40	4703			1000
yyf/5-O/6-models/STRUCTURE_30/3-opt	opt	In O	16 24	40	4703			1000
yyf/5-O/6-models/STRUCTURE_39/3-opt	opt	In O	16 24	40	4703			1000
yyf/5-O/6-models/STRUCTURE_40/3-opt	opt	In O	16 24	40	4703			1000
yyf/5-O/6-models/STRUCTURE_49/3-opt	opt	In O	16 24	40	4703			1000
yyf/5-O/6-models/STRUCTURE_50/3-opt	opt	In O	16 24	40	4703			1000
yyf/5-O/6-models/STRUCTURE_6/3-opt	opt	In O	16 24	40	4703			1000
yyf/5-O/6-models/STRUCTURE_7/3-opt	opt	In O	16 24	40	4703			1000
yyf/5-O/6-models/STRUCTURE_9/3-opt	opt	In O	16 24	40	4703			1000
yyf/5-O/6-models/STRUCTURE_11/3-opt	opt	In O	16 24	40	4703			1000
yyf/5-O/6-models/STRUCTURE_13/3-opt	opt	In O	16 24	40	4703			1000
yyf/5-O/6-models/STRUCTURE_15/3-opt	opt	In O	16 24	40	4703			1000
yyf/5-O/6-models/STRUCTURE_17/3-opt	opt	In O	16 24	40	4703			1000
yyf/5-O/6-models/STRUCTURE_19/3-opt	opt	In O	16 24	40	4703			1000
yyf/5-O/6-models/STRUCTURE_20/3-opt	opt	In O	16 24	40	4703			1000
yyf/5-O/6-models/STRUCTURE_22/3-opt	opt	In O	16 24	40	4703			1000
yyf/5-O/6-models/STRUCTURE_24/3-opt	opt	In O	16 24	40	4703			1000
yyf/5-O/6-models/STRUCTURE_26/3-opt	opt	In O	16 24	40	4703			1000
yyf/5-O/6-models/STRUCTURE_28/3-opt	opt	In O	16 24	40	4703			1000
yyf/5-O/6-models/STRUCTURE_31/3-opt	opt	In O	16 24	40	4703			1000
yyf/5-O/6-models/STRUCTURE_33/3-opt	opt	In O	16 24	40	4703			1000
yyf/5-O/6-models/STRUCTURE_35/3-opt	opt	In O	16 24	40	4703			1000
yyf/5-O/6-models/STRUCTURE_37/3-opt	opt	In O	16 24	40	4703			1000
yyf/5-O/6-models/STRUCTURE_41/3-opt	opt	In O	16 24	40	4703			1000
yyf/5-O/6-models/STRUCTURE_43/3-opt	opt	In O	16 24	40	4703			1000
yyf/5-O/6-models/STRUCTURE_44/3-opt	opt	In O	16 24	40	4703			1000
yyf/5-O/6-models/STRUCTURE_45/3-opt	opt	In O	16 24	40	4703			1000
yyf/5-O/6-models/STRUCTURE_47/3-opt	opt	In O	16 24	40	4703			1000
yyf/5-O/6-models/STRUCTURE_48/3-opt	opt	In O	16 24	40	4703			1000
yyf/5-O/8-ITO/2-models/STRUCTURE_1/3-opt	opt	In Sn O	15 1 24	40	4714			1000
yyf/5-O/8-ITO/3-300atom/1-10Sn/3-opt	opt	In Sn O	108 12 180	300	33314			1000
yyf/5-O/8-ITO/1-1/5-opt	opt	In Sn O	14 2 24	40	4714			1000
yyf/5-O/8-ITO/1-1/6-opt	opt	In Sn O	31 1 48	80	9114			1000
yyf/5-O/7-INGAO/1-1/3-opt	opt	In Ga O	15 1 24	40	4714			1000
yyf/5-O/7-INGAO/2-1Ga/STRUCTURE_2/3-opt	opt	In Ga O	15 1 24	40	4714			1000
yyf/5-O/7-INGAO/2-1Ga/STRUCTURE_4/3-opt	opt	In Ga O	15 1 24	40	4714			1000
yyf/5-O/7-INGAO/2-1Ga/STRUCTURE_1/3-opt	opt	In Ga O	15 1 24	40	4714			1000
yyf/5-O/7-INGAO/2-1Ga/STRUCTURE_3/3-opt	opt	In Ga O	15 1 24	40	4714			1000
yyf/5-O/7-INGAO/2-1Ga/STRUCTURE_5/3-opt	opt	In Ga O	15 1 24	40	4714			1000
yyf/5-O/7-INGAO/3-2Ga/STRUCTURE_54/3-opt	opt	In Ga O	14 2 24	40	4714			1000
yyf/5-O/7-INGAO/3-2Ga/STRUCTURE_51/3-opt	opt	In Ga O	14 2 24	40	4714			1000
yyf/5-O/7-INGAO/3-2Ga/STRUCTURE_55/3-opt	opt	In Ga O	14 2 24	40	4714			1000
yyf/5-O/7-INGAO/3-2Ga/STRUCTURE_52/3-opt	opt	In Ga O	14 2 24	40	4714			1000
yyf/5-O/7-INGAO/3-2Ga/STRUCTURE_53/3-opt	opt	In Ga O	14 2 24	40	4714			1000
yyf/5-O/7-INGAO/4-models/STRUCTURE_3/3-opt	opt	In Ga O	14 2 24	40	4714			1000
yyf/5-O/7-INGAO/4-models/STRUCTURE_6/3-opt	opt	In Ga O	14 2 24	40	4714			1000
yyf/5-O/7-INGAO/4-models/STRUCTURE_7/3-opt	opt	In Ga O	14 2 24	40	4714			1000
yyf/5-O/7-INGAO/4-models/STRUCTURE_12/3-opt	opt	In Ga O	14 2 24	40	4714			1000
yyf/5-O/7-INGAO/4-models/STRUCTURE_16/3-opt	opt	In Ga O	14 2 24	40	4714			1000
yyf/5-O/7-INGAO/4-models/STRUCTURE_22/3-opt	opt	In Ga O	14 2 24	40	4714			1000
yyf/5-O/7-INGAO/4-models/STRUCTURE_26/3-opt	opt	In Ga O	14 2 24	40	4714			1000
yyf/5-O/7-INGAO/4-models/STRUCTURE_33/3-opt	opt	In Ga O	14 2 24	40	4714			1000
yyf/5-O/7-INGAO/4-models/STRUCTURE_37/3-opt	opt	In Ga O	14 2 24	40	4714			1000
yyf/5-O/7-INGAO/4-models/STRUCTURE_38/3-opt	opt	In Ga O	14 2 24	40	4714			1000
yyf/5-O/7-INGAO/4-models/STRUCTURE_42/3-opt	opt	In Ga O	14 2 24	40	4714			1000
yyf/5-O/7-INGAO/4-models/STRUCTURE_46/3-opt	opt	In Ga O	14 2 24	40	4714			1000
yyf/5-O/7-INGAO/4-models/STRUCTURE_4/3-opt	opt	In Ga O	14 2 24	40	4714			1000
yyf/5-O/7-INGAO/4-models/STRUCTURE_9/3-opt	opt	In Ga O	14 2 24	40	4714			1000
yyf/5-O/7-INGAO/4-models/STRUCTURE_10/3-opt	opt	In Ga O	14 2 24	40	4714			1000
yyf/5-O/7-INGAO/4-models/STRUCTURE_11/3-opt	opt	In Ga O	14 2 24	40	4714			1000
yyf/5-O/7-INGAO/4-models/STRUCTURE_14/3-opt	opt	In Ga O	14 2 24	40	4714			1000
yyf/5-O/7-INGAO/4-models/STRUCTURE_19/3-opt	opt	In Ga O	14 2 24	40	4714			1000
yyf/5-O/7-INGAO/4-models/STRUCTURE_20/3-opt	opt	In Ga O	14 2 24	40	4714			1000
yyf/5-O/7-INGAO/4-models/STRUCTURE_24/3-opt	opt	In Ga O	14 2 24	40	4714			1000
yyf/5-O/7-INGAO/4-models/STRUCTURE_28/3-opt	opt	In Ga O	14 2 24	40	4714			1000
yyf/5-O/7-INGAO/4-models/STRUCTURE_31/3-opt	opt	In Ga O	14 2 24	40	4714			1000
yyf/5-O/7-INGAO/4-models/STRUCTURE_35/3-opt	opt	In Ga O	14 2 24	40	4714			1000
yyf/5-O/7-INGAO/4-models/STRUCTURE_40/3-opt	opt	In Ga O	14 2 24	40	4714			1000
yyf/5-O/7-INGAO/4-models/STRUCTURE_44/3-opt	opt	In Ga O	14 2 24	40	4714			1000
yyf/5-O/7-INGAO/4-models/STRUCTURE_48/3-opt	opt	In Ga O	14 2 24	40	4714			1000
yyf/5-O/7-INGAO/4-models/STRUCTURE_2/3-opt	opt	In Ga O	14 2 24	40	4714			1000
yyf/5-O/7-INGAO/4-models/STRUCTURE_13/3-opt	opt	In Ga O	14 2 24	40	4714			1000
yyf/5-O/7-INGAO/4-models/STRUCTURE_17/3-opt	opt	In Ga O	14 2 24	40	4714			1000
yyf/5-O/7-INGAO/4-models/STRUCTURE_23/3-opt	opt	In Ga O	14 2 24	40	4714			1000
yyf/5-O/7-INGAO/4-models/STRUCTURE_27/3-opt	opt	In Ga O	14 2 24	40	4714			1000
yyf/5-O/7-INGAO/4-models/STRUCTURE_32/3-opt	opt	In Ga O	14 2 24	40	4714			1000
yyf/5-O/7-INGAO/4-models/STRUCTURE_34/3-opt	opt	In Ga O	14 2 24	40	4714			1000
yyf/5-O/7-INGAO/4-models/STRUCTURE_36/3-opt	opt	In Ga O	14 2 24	40	4714			1000
yyf/5-O/7-INGAO/4-models/STRUCTURE_43/3-opt	opt	In Ga O	14 2 24	40	4714			1000
yyf/5-O/7-INGAO/4-models/STRUCTURE_47/3-opt	opt	In Ga O	14 2 24	40	4714			1000
yyf/5-O/7-INGAO/4-models/STRUCTURE_18x/3-opt	opt	In Ga O	14 2 24	40	4714			1000
yyf/5-O/7-INGAO/4-models/STRUCTURE_1/3-opt	opt	In Ga O	14 2 24	40	4714			1000
yyf/5-O/7-INGAO/4-models/STRUCTURE_5/3-opt	opt	In Ga O	14 2 24	40	4714			1000
yyf/5-O/7-INGAO/4-models/STRUCTURE_8/3-opt	opt	In Ga O	14 2 24	40	4714			1000
yyf/5-O/7-INGAO/4-models/STRUCTURE_15/3-opt	opt	In Ga O	14 2 24	40	4714			1000
yyf/5-O/7-INGAO/4-models/STRUCTURE_21/3-opt	opt	In Ga O	14 2 24	40	4714			1000
yyf/5-O/7-INGAO/4-models/STRUCTURE_25/3-opt	opt	In Ga O	14 2 24	40	4714			1000
yyf/5-O/7-INGAO/4-models/STRUCTURE_29/3-opt	opt	In Ga O	14 2 24	40	4714			1000
yyf/5-O/7-INGAO/4-models/STRUCTURE_30/3-opt	opt	In Ga O	14 2 24	40	4714			1000
yyf/5-O/7-INGAO/4-models/STRUCTURE_39/3-opt	opt	In Ga O	14 2 24	40	4714			1000
yyf/5-O/7-INGAO/4-models/STRUCTURE_41/3-opt	opt	In Ga O	14 2 24	40	4714			1000
yyf/5-O/7-INGAO/4-models/STRUCTURE_45/3-opt	opt	In Ga O	14 2 24	40	4714			1000
yyf/5-O/7-INGAO/4-models/STRUCTURE_49/3-opt	opt	In Ga O	14 2 24	40	4714			1000
yyf/5-O/7-INGAO/4-models/STRUCTURE_50/3-opt	opt	In Ga O	14 2 24	40	4714			1000
yyf/5-O/7-INGAO/5-8Ga/3-opt	opt	In Ga O	8 8 24	40	4714			1000
yyf/5-O/7-INGAO/6-1H/3-opt	opt	In O H	16 24 1	41	4824			1000
yyf/5-O/7-INGAO/7-300atom/1-20Ga/1-model/9-move1O	opt	In Ga O	96 24 179	299	33204			1000
yyf/5-O/7-INGAO/7-300atom/1-20Ga/1-model/3-opt	opt	In Ga O	96 24 180	300	33314			1000
yyf/5-O/7-INGAO/7-300atom/1-20Ga/1-model/8-remove1O	opt	In Ga O	96 24 179	299	33204			1000
yyf/5-O/9-IGZO/2-101/3-opt	opt	In Zn O	60 60 150	270	30014			1000
yyf/5-O/9-IGZO/3-110/3-opt	opt	In Ga O	60 60 180	300	33314			1000
yyf/5-O/9-IGZO/5-011/3-opt	opt	Ga Zn O	60 60 150	270	30014			1000
yyf/5-O/9-IGZO/1-111/3-opt	opt	In Ga Zn O	40 40 40 160	280	31125			1000
yyf/5-O/9-IGZO/4-40atom/3-opt	opt	In Ga Zn O	6 6 6 24	42	4945			1000
yyf/5-O/9-IGZO/6-010/3-opt	opt	Ga O	120 180	300	33303			1000
tsq/sb-te/modeling/0-sb/2-opt	opt	Sb	300	300	33292			1000
tsq/sb-te/modeling/4-te/2-opt	opt	Te	300	300	33292			1000
tsq/sb-te/modeling/1-sb2te/2-opt	opt	Sb Te	200 100	300	33303			1000
tsq/sb-te/modeling/2-sb2te2/2-opt	opt	Sb Te	150 150	300	33303			1000
tsq/sb-te/modeling/3-sb2te3/2-opt	opt	Sb Te	120 180	300	33303			1000
tsq/sb-te/modeling/5-sbte2/2-opt	opt	Sb Te	100 200	300	33303			1000
tsq/GeTe/DOS/1-relax	opt	Ge Te	150 150	300	33303			1000
tsq/GeSe_Ag/1/4-opt	opt	Se Ge Ag	50 50 10	110	12414			1000
tsq/GeSe_Ag/2/4-opt	opt	Se Ge Ag	50 50 15	115	12964			1000
tsq/GeSe_Ag/0/4-opt	opt	Se Ge Ag	50 50 5	105	11864			1000
tsq/GeSe_Ag/3/4-opt	opt	Se Ge Ag	50 50 20	120	13514			1000
wh/InTe/37/sl/2-opt	opt	In Te	90 210	300	33303			1000
wh/InTe/37/sl/8-opt	opt	In Te	90 210	300	33303			1000
wh/InTe/37/sl/5-opt	opt	In Te	90 210	300	33303			1000
wh/InTe/37/1.2local/1-10k/2-opt	opt	In Te	90 210	300	33303			1000
wh/InTe/37/1.2local/2-50k/opt	opt	In Te	90 210	300	33303			1000
wh/InTe/37/1.2local/4-20k/2-opt	opt	In Te	90 210	300	33303			1000
wh/InTe/37/fig.5.16/1/2-60ps/opt	opt	In Te	90 210	300	33303			1000
wh/InTe/37/fig.5.16/1/3-90ps/opt	opt	In Te	90 210	300	33303			1000
wh/InTe/37/fig.5.16/1/1-30ps/opt	opt	In Te	90 210	300	33303			1000
wh/InTe/37/8-2000K-300K/opt	opt	In Te	90 210	300	33303			1000
wh/InTeSi/3-opt	opt	Si In Te	30 81 189	300	33314			1000
wyh/aInTeSi/3-opt	opt	In Te Si	78 183 39	300	33314			1000
wyh/cInTeSi/3-opt	opt	In Te Si	71 166 63	300	33314			1000
wyh/21InTeSi/3-opt	opt	In Te Si	71 166 63	300	33314			1000
wyh/bInTeSi/3-opt	opt	In Te Si	75 174 51	300	33314			1000
wyh/InTe15si/3-opt	opt	In Te Si	77 178 45	300	33314			1000
wyh/InTe20si/3-opt	opt	In Te Si	72 168 60	300	33314			1000
wyh/InTe37/3-opt	opt	In Te	90 210	300	33303			1000
wyh/13InTeSi/3-opt	opt	In Te Si	78 183 39	300	33314			1000
wyh/13InTeSi/opt	opt	In Te Si	78 183 39	300	33314			1000
wyh/17InTeSi/3-opt	opt	In Te Si	75 174 51	300	33314			1000
hhy/GST/3-opt	opt	Ge Sb Te	16 61 108	185	20664			1000
hhy/IGST/3-opt	opt	Ge Sb Te In	16 61 108 13	198	22105			1000
hhy/GST225/3-opt	opt	Ge Sb Te	43 43 108	194	21654			1000
xqd/1-C-Sb2Te3/10%/4-MD	md-amorphous	Sb Te C	130 194 36	360	92939	300	300	2000
xqd/1-C-Sb2Te3/15%/4-MD	md-amorphous	Sb Te C	123 183 54	360	92939	300	300	2000
xqd/1-C-Sb2Te3/5%/4-MD	md-amorphous	Sb Te C	137 205 18	360	92939	300	300	2000
xqd/GST467/0-467/2-300K/MD	md-amorphous	Ge Sb Te	72 108 126	306	79061	300	300	3000
xqd/GST467/0-467/21-300K/MD	md-amorphous	Ge Sb Te	72 108 126	306	79061	300	300	3000
xqd/GST467/1-225/21-300K/MD	md-amorphous	Ge Sb Te	68 68 170	306	79061	300	300	3000
xqd/GST467/1-225/2-300K/MD	md-amorphous	Ge Sb Te	68 68 170	306	79061	300	300	3000
xqd/7-Tr/1-AIST	md-amorphous	Ag In Sb Te	12 9 201 78	300	77530	300	300	1000
xqd/7-Tr/3-SbS	md-amorphous	Sb S	120 180	300	77508	300	300	1000
xqd/7-Tr/4-GST225/3-function/1-64atoms/5-BLYP/4-MD	md-amorphous	Ge Sb Te	13 13 32	58	15325	300	300	2000
xqd/7-Tr/4-GST225/3-function/1-64atoms/1-HSE06/4-MD	md-amorphous	Ge Sb Te	13 13 32	58	15325	300	300	300
xqd/7-Tr/4-GST225/3-function/1-64atoms/1-HSE06/4-MD/2	md-amorphous	Ge Sb Te	13 13 32	58	15325	300	300	1000
xqd/7-Tr/4-GST225/3-function/1-64atoms/1-HSE06/4-MD/3	md-amorphous	Ge Sb Te	13 13 32	58	15325	300	300	1000
xqd/7-Tr/4-GST225/3-function/1-64atoms/4-HSE-0.5/4-MD	md-amorphous	Ge Sb Te	13 13 32	58	15325	300	300	2000
xqd/7-Tr/4-GST225/1-64atom/3-model/22-300K-4kstep/md	md-amorphous	Ge Sb Te	13 13 32	58	15325	300	300	2000
xqd/7-Tr/4-GST225/1-64atom/1-model/equb/5-md	md-amorphous	Ge Sb Te	13 13 32	58	15325	300	300	2000
xqd/7-Tr/4-GST225/1-64atom/1-model/23-300K-6kstep/md	md-amorphous	Ge Sb Te	13 13 32	58	15325	300	300	2000
xqd/7-Tr/4-GST225/1-64atom/1-model/21-300K-2kstep/MD	md-amorphous	Ge Sb Te	13 13 32	58	15325	300	300	2000
xqd/7-Tr/4-GST225/1-64atom/1-model/22-300K-4kstep/md	md-amorphous	Ge Sb Te	13 13 32	58	15325	300	300	2000
xqd/7-Tr/4-GST225/1-64atom/2-model/22-300K-4kstep/md	md-amorphous	Ge Sb Te	13 13 32	58	15325	300	300	2000
xqd/7-Tr/4-GST225/1-64atom/2-model/21-300K-2kstep/md	md-amorphous	Ge Sb Te	13 13 32	58	15325	300	300	2000
xqd/7-Tr/4-GST225/2-216atom/2-model/21-300K-2kstep/md	md-amorphous	Ge Sb Te	43 43 108	194	50277	300	300	2000
xqd/7-Tr/4-GST225/2-216atom/1-model/23-300K-6kstep/md	md-amorphous	Ge Sb Te	43 43 108	194	50277	300	300	2000
xqd/7-Tr/4-GST225/2-216atom/1-model/22-300K-4kstep/md	md-amorphous	Ge Sb Te	43 43 108	194	50277	300	300	2000
xqd/7-Tr/4-GST225/2-216atom/1-model/21-300K-2kstep/md	md-amorphous	Ge Sb Te	43 43 108	194	50277	300	300	2000
xqd/7-Tr/4-GST225/2-216atom/3-model/21-300K-2kstep/md	md-amorphous	Ge Sb Te	43 43 108	194	50277	300	300	2000
xqd/7-Tr/4-GST225/4-opt-hybrid/1-64atoms/2-opt-HSE03/md	md-amorphous	Ge Sb Te	13 13 32	58	15325	300	300	1000
xqd/7-Tr/4-GST225/4-opt-hybrid/1-64atoms/3-opt-PBE0/md	md-amorphous	Ge Sb Te	13 13 32	58	15325	300	300	1000
xqd/7-Tr/4-GST225/4-opt-hybrid/1-64atoms/1-opt-HSE06/md	md-amorphous	Ge Sb Te	13 13 32	58	15325	300	300	100
xqd/7-Tr/4-GST225/4-opt-hybrid/1-64atoms/1-opt-HSE06/md2	md-amorphous	Ge Sb Te	13 13 32	58	15325	300	300	900
xqd/7-Tr/4-GST225/4-opt-hybrid/1-64atoms/4-B3LYP/md	md-amorphous	Ge Sb Te	13 13 32	58	15325	300	300	1000
xqd/7-Tr/4-GST225/4-opt-hybrid/1-64atoms/5-BLYP/md	md-amorphous	Ge Sb Te	13 13 32	58	15325	300	300	900
xqd/7-Tr/2-GeSe2/0-model-10K/300K	md-amorphous	Ge Se	100 200	300	77508	300	300	1000
xqd/7-Tr/2-GeSe2/2-BLYP/194atoms/4-MD	md-amorphous	Ge Se	64 130	194	50266	300	300	1000
xqd/8-Sb-X/11-Sb2Te3-Y/4-MD	md-amorphous	Sb Te Y	108 162 30	300	77519	300	300	2000
xqd/11-GeSe/MLP-stru	md-amorphous	Ge Se	64 64	128	33304	300	300	2000
xqd/12-aging-process/2-GeTe/33/5-long-MD	md-amorphous	Ge Te	100 100	200	51808	350	350	20000
xqd/12-aging-process/3-Sb2Te3/25/5-long-MD	md-amorphous	Sb Te	80 120	200	51808	350	350	20000
xqd/mcp_workspace/2026-05-20/rho/M0_rho_a/inputs/stage4_nvt_300K	md-amorphous	Ge Sb Te	43 43 108	194	50277	300	300	3000
xqd/mcp_workspace/2026-05-20/rho/M1_rho_a/inputs/stage4_nvt_300K	md-amorphous	Ge Sb Te N	43 43 108 10	204	52858	300	300	3000
xqd/mcp_workspace/2026-05-20/rho/M4_rho_a/inputs/stage4_nvt_300K	md-amorphous	Ge Sb Te	65 43 108	216	55931	300	300	3000
xqd/2-Sb/1-amor	md-amorphous	Sb	300	300	77497	400	400	2000
xqd/2-Sb/1-amor/31-amor-450K	md-amorphous	Sb	300	300	77497	450	450	2000
xqd/2-Sb/1-amor/32-amor-450K	md-amorphous	Sb	300	300	77497	450	450	2000
xqd/2-Sb/2-amor	md-amorphous	Sb	300	300	77497	400	400	2000
xqd/2-Sb/2-amor/41-amor-450K	md-amorphous	Sb	300	300	77497	450	450	2000
xqd/2-Sb/2-amor/42-amor-450K	md-amorphous	Sb	300	300	77497	450	450	2000
xqd/2-Sb/01-64atom_amor/51-relax	md-amorphous	Sb	64	64	16845	300	300	500
xqd/2-Sb/01-64atom_amor/5-relax	md-amorphous	Sb	64	64	16845	300	300	1000
xqd/2-Sb/01-64atom_amor/7-MD/1-300K	md-amorphous	Sb	64	64	16845	300	300	2000
xqd/2-Sb/01-64atom_amor/7-MD/2-400K	md-amorphous	Sb	64	64	16845	400	400	2000
xqd/2-Sb/01-64atom_amor/71-MD/2-400K	md-amorphous	Sb	64	64	16845	400	400	2000
xqd/2-Sb/01-64atom_amor/71-MD/1-300K	md-amorphous	Sb	64	64	16845	300	300	2000
xqd/2-Sb/02-125atom_amor/6-MD/1-300K	md-amorphous	Sb	125	125	32522	300	300	2000
xqd/2-Sb/02-125atom_amor/6-MD/2-400K	md-amorphous	Sb	125	125	32522	400	400	2000
xqd/2-Sb/03-216atom_amor/6-MD/1-300K	md-amorphous	Sb	216	216	55909	300	300	2000
xqd/2-Sb/03-216atom_amor/6-MD/2-400K	md-amorphous	Sb	216	216	55909	400	400	2000
xqd/2-Sb/trigonal/1-450K	md-amorphous	Sb	108	108	28153	450	450	2000
xqd/2-Sb/trigonal/0-300K	md-amorphous	Sb	108	108	28153	300	300	2000
xqd/2-Sb/trigonal/3-400K	md-amorphous	Sb	108	108	28153	400	400	1000
xqd/2-Sb/3-perturb/1	md-amorphous	Sb	300	300	77497	450	450	2000
xqd/2-Sb/3-perturb/3	md-amorphous	Sb	300	300	77497	450	450	2000
xqd/2-Sb/3-perturb/5	md-amorphous	Sb	300	300	77497	450	450	2000
xqd/2-Sb/3-perturb/2	md-amorphous	Sb	300	300	77497	450	450	2000
xqd/2-Sb/3-perturb/4	md-amorphous	Sb	300	300	77497	450	450	2000
xqd/2-Sb/4-temp/1-450K	md-amorphous	Sb	300	300	77497	450.0	450.0	2000
xqd/2-Sb/cubic/2-400K	md-amorphous	Sb	64	64	16845	400	400	1000
xqd/2-Sb/cubic/4-450K	md-amorphous	Sb	64	64	16845	450	450	1000
xqd/2-Sb/cubic/1-300K	md-amorphous	Sb	64	64	16845	300	300	1000
xqd/0-GST-dataset/ref-data/1-Ge15Sb85	md-amorphous	Ge Sb	45 255	300	77508	300	300	2000
xqd/0-GST-dataset/ref-data/3-GST147	md-amorphous	Ge Sb Te	25 100 175	300	77519	300	300	2000
xqd/0-GST-dataset/ref-data/4-GST326	md-amorphous	Ge Sb Te	82 55 163	300	77519	300	300	2000
xqd/0-GST-dataset/ref-data/5-GST8211	md-amorphous	Ge Sb Te	116 29 155	300	77519	300	300	2000
xqd/0-GST-dataset/ref-data/val/2-030/3-MD	md-amorphous	Ge Sb Te	44 44 110	198	51305	300	300	2000
xqd/0-GST-dataset/ref-data/val/1-028/4-MD-SMASS0	md-amorphous	Ge Sb Te	44 44 110	198	51305	300	300	2000
xqd/0-GST-dataset/ref-data/val/1-028/3-MD	md-amorphous	Ge Sb Te	44 44 110	198	51305	300	300	2000
xqd/0-GST-dataset/ref-data/val/3-032/3-MD	md-amorphous	Ge Sb Te	44 44 110	198	51305	300	300	2000
xqd/0-GST-dataset/ref-data/val/4-034/3-MD	md-amorphous	Ge Sb Te	44 44 110	198	51305	300	300	2000
xqd/0-GST-dataset/ref-data/2-GST124	md-amorphous	Ge Sb Te	43 86 172	301	77776	300	300	2000
xqd/0-GST-dataset/ref-data/6-AIST	md-amorphous	Ag In Sb Te	12 9 201 78	300	77530	300	300	2000
xqd/0-GST-dataset/pre_screen/21-GeSbTeTi/3-MD	md-amorphous	Ti Ge Sb Te	8 32 32 80	152	39494	300	300	10000
xqd/0-GST-dataset/pre_screen/12-GeSbTeZn/3-MD	md-amorphous	Zn Ge Sb Te	8 32 32 80	152	39494	300	300	10000
xqd/0-GST-dataset/pre_screen/16-GeSbScTe/3-MD	md-amorphous	Sc Ge Sb Te	8 32 32 80	152	39494	300	300	10000
xqd/0-GST-dataset/pre_screen/18-BGeSbTe/3-MD	md-amorphous	B Ge Sb Te	8 32 32 80	152	39494	300	300	10000
xqd/0-GST-dataset/pre_screen/19-GeNiSbTe/3-MD	md-amorphous	Ni Ge Sb Te	8 32 32 80	152	39494	300	300	10000
xqd/0-GST-dataset/pre_screen/1-AgGeSbTe/3-MD	md-amorphous	Ag Ge Sb Te	8 32 32 80	152	39494	300	300	10000
xqd/0-GST-dataset/pre_screen/22-GeSSbTe/3-MD	md-amorphous	S Ge Sb Te	8 32 32 80	152	39494	300	300	10000
xqd/0-GST-dataset/pre_screen/23-GeSbTeZr/3-MD	md-amorphous	Zr Ge Sb Te	8 32 32 80	152	39494	300	300	10000
xqd/0-GST-dataset/pre_screen/24-AlGeSbTe/3-MD	md-amorphous	Al Ge Sb Te	8 32 32 80	152	39494	300	300	10000
xqd/0-GST-dataset/pre_screen/26-GeSbTcTe/3-MD	md-amorphous	Tc Ge Sb Te	8 32 32 80	152	39494	300	300	10000
xqd/0-GST-dataset/pre_screen/28-GeSbSiTe/3-MD	md-amorphous	Si Ge Sb Te	8 32 32 80	152	39494	300	300	10000
xqd/0-GST-dataset/pre_screen/29-GeHfSbTe/3-MD	md-amorphous	Hf Ge Sb Te	8 32 32 80	152	39494	300	300	10000
xqd/0-GST-dataset/pre_screen/2-GeRuSbTe/3-MD	md-amorphous	Ru Ge Sb Te	8 32 32 80	152	39494	300	300	10000
xqd/0-GST-dataset/pre_screen/32-GeSbSeTe/3-MD	md-amorphous	Se Ge Sb Te	8 32 32 80	152	39494	300	300	10000
xqd/0-GST-dataset/pre_screen/34-CuGeSbTe/3-MD	md-amorphous	Cu Ge Sb Te	8 32 32 80	152	39494	300	300	10000
xqd/0-GST-dataset/pre_screen/36-GeMoSbTe/3-MD	md-amorphous	Mo Ge Sb Te	8 32 32 80	152	39494	300	300	10000
xqd/0-GST-dataset/pre_screen/4-GeSbTeV/3-MD	md-amorphous	V Ge Sb Te	8 32 32 80	152	39494	300	300	10000
xqd/0-GST-dataset/pre_screen/6-CrGeSbTe/3-MD	md-amorphous	Cr Ge Sb Te	8 32 32 80	152	39494	300	300	10000
xqd/0-GST-dataset/pre_screen	md-amorphous			None	0	300	300	10000
xqd/0-GST-dataset/pre_screen/0-GeInSbTe/3-MD	md-amorphous	In Ge Sb Te	8 32 32 80	152	39494	300	300	10000
xqd/0-GST-dataset/pre_screen/10-CoGeSbTe/3-MD	md-amorphous	Co Ge Sb Te	8 32 32 80	152	39494	300	300	10000
xqd/0-GST-dataset/pre_screen/13-GeSbTaTe/3-MD	md-amorphous	Ta Ge Sb Te	8 32 32 80	152	39494	300	300	10000
xqd/0-GST-dataset/pre_screen/11-BiGeSbTe/3-MD	md-amorphous	Bi Ge Sb Te	8 32 32 80	152	39494	300	300	10000
xqd/0-GST-dataset/pre_screen/14-FeGeSbTe/3-MD	md-amorphous	Fe Ge Sb Te	8 32 32 80	152	39494	300	300	10000
xqd/0-GST-dataset/pre_screen/15-GeOSbTe/3-MD	md-amorphous	O Ge Sb Te	8 32 32 80	152	39494	300	300	10000
xqd/0-GST-dataset/pre_screen/20-GaGeSbTe/3-MD	md-amorphous	Ga Ge Sb Te	8 32 32 80	152	39494	300	300	10000
xqd/0-GST-dataset/pre_screen/25-GeNSbTe/3-MD	md-amorphous	N Ge Sb Te	8 32 32 80	152	39494	300	300	10000
xqd/0-GST-dataset/pre_screen/27-GeSbTe/3-MD	md-amorphous	Ge Sb Te	34 34 84	152	39483	300	300	10000
xqd/0-GST-dataset/pre_screen/30-GeRhSbTe/3-MD	md-amorphous	Rh Ge Sb Te	8 32 32 80	152	39494	300	300	10000
xqd/0-GST-dataset/pre_screen/31-GePdSbTe/3-MD	md-amorphous	Pd Ge Sb Te	8 32 32 80	152	39494	300	300	10000
xqd/0-GST-dataset/pre_screen/33-AsGeSbTe/3-MD	md-amorphous	As Ge Sb Te	8 32 32 80	152	39494	300	300	10000
xqd/0-GST-dataset/pre_screen/35-GeMnSbTe/3-MD	md-amorphous	Mn Ge Sb Te	8 32 32 80	152	39494	300	300	10000
xqd/0-GST-dataset/pre_screen/5-CdGeSbTe/3-MD	md-amorphous	Cd Ge Sb Te	8 32 32 80	152	39494	300	300	10000
xqd/0-GST-dataset/pre_screen/3-CGeSbTe/3-MD	md-amorphous	C Ge Sb Te	8 32 32 80	152	39494	300	300	10000
xqd/0-GST-dataset/pre_screen/7-GeSbSnTe/3-MD	md-amorphous	Sn Ge Sb Te	8 32 32 80	152	39494	300	300	10000
xqd/0-GST-dataset/pre_screen/17-GeSbTeY/3-MD	md-amorphous	Y Ge Sb Te	8 32 32 80	152	39494	300	300	10000
xqd/0-GST-dataset/pre_screen/8-GeNbSbTe/3-MD	md-amorphous	Nb Ge Sb Te	8 32 32 80	152	39494	300	300	10000
xqd/0-GST-dataset/pre_screen/9-GePSbTe/3-MD	md-amorphous	P Ge Sb Te	8 32 32 80	152	39494	300	300	10000
xqd/GST147	md-amorphous	C Ge Sb Te	17 17 66 116	216	55942	300	300	2000
xqd/NN-val/rebuild_from_init/3-relax	md-amorphous	Ge Sb Te	68 68 170	306	79061	300	300	3000
xqd/NN-val/rebuild_from_init/4-MD	md-amorphous	Ge Sb Te	68 68 170	306	79061	300	300	3000
xqd/NN-val/dynamic/NN	md-amorphous	Ge Sb Te	68 68 170	306	0	300	300	2000
xqd/NN-val/dynamic/DFT	md-amorphous	Ge Sb Te	68 68 170	306	0	300	300	2000
xqd/NN-val/MD-NN-stru/amorphous	md-amorphous	Ge Sb Te	68 68 170	306	79061	300	300	3000
xqd/NN-val/MD-NN-stru/amorphous/5000steps	md-amorphous	Ge Sb Te	68 68 170	306	79061	300	300	2000
ysj/ef/gese/001/0.0008/relax	md-amorphous	Ge Se	150 150	300	0	300	300	20000
ysj/ef/gese/md/0.1/001+0.1	md-amorphous	Ge Se 	150 150	300	0	300	300	12627
ysj/ef/gese/md/0.1/010+0.1	md-amorphous	Ge Se 	150 150	300	0	300	300	12726
ysj/ef/gese/md/0.1/100-0.1	md-amorphous	Ge Se 	150 150	300	0	300	300	20000
ysj/ef/gese/md/0.1/001-0.1	md-amorphous	Ge Se 	150 150	300	0	300	300	13055
ysj/ef/gese/md/0.1/010-0.1	md-amorphous	Ge Se 	150 150	300	0	300	300	12478
ysj/ef/gese/md/0.1/100+0.1	md-amorphous	Ge Se 	150 150	300	0	300	300	11072
ysj/ef/gese/md/0.2/100+0.2	md-amorphous	Ge Se 	150 150	300	0	300	300	11072
ysj/ef/gese/md/0.2/001+0.2	md-amorphous	Ge Se 	150 150	300	0	300	300	12000
ysj/ef/gese/md/0.2/001-0.2	md-amorphous	Ge Se 	150 150	300	0	300	300	13055
ysj/ef/gese/md/0.2/010+0.2	md-amorphous	Ge Se 	150 150	300	0	300	300	12726
ysj/ef/gese/md/0.2/010-0.2	md-amorphous	Ge Se 	150 150	300	0	300	300	12478
ysj/ef/gese/md/0.2/100-0.2	md-amorphous	Ge Se 	150 150	300	0	300	300	20000
ysj/ef/gese/md/0.2/ground	md-amorphous	Ge Se 	150 150	300	0	300	300	20000
ysj/ef/gese/md/ground	md-amorphous	Ge Se 	150 150	300	0	300	300	16341
ysj/ef/gese/reply/VASPR2-1/rate_100Kps/4-MD	md-amorphous	Ge Se	150 150	300	77508	300	300	4000
ysj/ef/gese/reply/VASPR2-1/rate_300Kps/4-MD	md-amorphous	Ge Se	150 150	300	77508	300	300	4000
ysj/ef/gese/reply/VASPR2-1/rate_20Kps/4-MD	md-amorphous	Ge Se	150 150	300	77508	300	300	4000
ysj/ef/gese/reply/VASPR2-1/rate_200Kps/4-MD	md-amorphous	Ge Se	150 150	300	77508	300	300	4000
ysj/ef/gese/reply/VASPR2-1/rate_10Kps/4-MD	md-amorphous	Ge Se	150 150	300	77508	300	300	4000
ysj/ef/gese/reply/VASPR2-1/rate_30Kps/4-MD	md-amorphous	Ge Se	150 150	300	77508	300	300	4000
ysj/ef/gese/reply/VASPR2-1/rate_50Kps/4-MD	md-amorphous	Ge Se	150 150	300	77508	300	300	4000
ysj/ef/gese/reply/VASPR2-1/rate_500Kps/4-MD	md-amorphous	Ge Se	150 150	300	77508	300	300	4000
ysj/ef/gese/reply/vasp_chain_jobs/rate_30Kps/steps/step026_300K_FINAL_NVT_12ps	md-amorphous			None	0	300	300	4000
ysj/ef/gese/reply/vasp_chain_jobs/rate_30Kps/steps/step023_400K_DENS_NPT_6ps	md-amorphous			None	0	400	400	1000
ysj/ef/gese/reply/vasp_chain_jobs/rate_30Kps/steps/step025_300K_DENS_NPT_6ps	md-amorphous			None	0	300	300	1000
ysj/optical/c/Sb2Se3/1-POSCAR1/md	md-amorphous	Sb Se	8 12	20	5548	300	300	2000
ysj/optical/a/AIST/MD	md-amorphous	Ag In Sb Te	15 15 180 90	300	77530	300	300	2000
ysj/optical/a/GSST2241/4-md	md-amorphous	Ge Sb Se Te	68 68 136 34	306	79072	300	300	2000
ysj/optical/a/Sb2Se3/MD	md-amorphous	Sb Se	120 180	300	77508	300	300	2000
ysj/1-GeSe/5-md	md-amorphous	Ge Se	150 150	300	77508	300	300	2000
ysj/6-Cu-GeSe-Cu/2-320Cu/4-md	md-amorphous	Cu Ge Se	320 250 250	820	221018	300	300	1000
ysj/condi-diff/z-gen-2/md	md-amorphous	Ge Se	146 146	292	75452	300	300	100
ysj/3-GeSe-Te-Si/4-md	md-amorphous	Ge Se Te Si	105 105 45 45	300	77530	300	300	2000
ysj/8-Ge/4-md	md-amorphous	Ge	300	300	77497	300	300	2000
ysj/9-Sb/4-md	md-amorphous	Sb	300	300	77497	300	300	2000
ysj/patent/3/1-GeSe-PSb/30%/4-md	md-amorphous	Ge P Sb Se	84 36 36 84	240	62110	300	300	2000
ysj/patent/3/2-GeS-SiN/4-md	md-amorphous	Ge Si N S	108 12 12 108	240	62110	300	300	2000
ysj/patent/3/3-GeTe9-InSe/4-md	md-amorphous	Ge In Se Te	22 12 12 194	240	62110	300	300	2000
ysj/patent/2/Si-30%/4-md	md-amorphous	Ga S Si	105 105 90	300	77519	300	300	2000
ysj/patent/2/N-15%/4-md	md-amorphous	Ga S N	128 127 45	300	77519	300	300	2000
ysj/patent/2/N-15%	md-amorphous			None	0	300	300	2000
ysj/5-Se/4-md	md-amorphous	Se	300	300	77497	300	300	2000
ysj/10-Te/4-md	md-amorphous	Te	300	300	77497	300	300	2000
ysj/4-GeSe-Te-Si-As/4-md	md-amorphous	Ge Se Te Si As	105 105 30 30 30	300	77541	300	300	2000
ysj/11-GSTcheck/8-GeSb/4-md	md-amorphous			None	0	300	300	2000
ysj/11-GSTcheck/3-124/4-md	md-amorphous	Ge Sb Te	43 86 172	301	0	300	300	2000
ysj/11-GSTcheck/1-1610/4-md	md-amorphous	Ge Sb Te	17 102 170	289	0	300	300	2000
ysj/11-GSTcheck/4-225/4-md	md-amorphous	Ge Sb Te	66 66 165	297	0	300	300	2000
ysj/11-GSTcheck/5-326/4-md	md-amorphous	Ge Sb Te	66 66 165	297	0	300	300	2000
ysj/11-GSTcheck/6-GeTe/4-md	md-amorphous			None	0	300	300	2000
ysj/11-GSTcheck/2-147/4-md	md-amorphous	Ge Sb Te	25 100 175	300	0	300	300	2000
ysj/11-GSTcheck/7-Sb2Te3/4-md	md-amorphous			None	0	300	300	2000
ysj/12-GeSe_check/4-GeSe3/4-md	md-amorphous	Ge Se	75 225	300	77508	300	300	2000
ysj/12-GeSe_check/1-Ge2Se/4-md	md-amorphous	Ge Se	200 100	300	77508	300	300	2000
ysj/12-GeSe_check/2-Ge3Se/4-md	md-amorphous	Ge Se	225 75	300	77508	300	300	2000
ysj/12-GeSe_check/gese_mini/POSCAR-Ge225Se75-01_run	md-amorphous	Ge Se	225 75	300	77508	300	300	1000
ysj/12-GeSe_check/gese_mini/POSCAR-Ge225Se75-02_run	md-amorphous	Ge Se	225 75	300	77508	300	300	1000
ysj/12-GeSe_check/gese_mini/POSCAR-Ge225Se75-03_run	md-amorphous	Ge Se	225 75	300	77508	300	300	1000
ysj/12-GeSe_check/gese_mini/POSCAR-Ge225Se75-04_run	md-amorphous	Ge Se	225 75	300	77508	300	300	1000
ysj/12-GeSe_check/gese_mini/POSCAR-Ge225Se75-05_run	md-amorphous	Ge Se	225 75	300	77508	300	300	1000
ysj/12-GeSe_check/gese_mini/POSCAR-Ge300-11_run	md-amorphous	Ge	300	300	77497	300	300	1000
ysj/12-GeSe_check/gese_mini/POSCAR-Ge300-17_run	md-amorphous	Ge	300	300	77497	300	300	1000
ysj/12-GeSe_check/gese_mini/POSCAR-Ge75Se225-01_run	md-amorphous	Ge Se	75 225	300	77508	300	300	1000
ysj/12-GeSe_check/gese_mini/POSCAR-Ge75Se225-02_run	md-amorphous	Ge Se	75 225	300	77508	300	300	1000
ysj/12-GeSe_check/gese_mini/POSCAR-Ge75Se225-03_run	md-amorphous	Ge Se	75 225	300	77508	300	300	1000
ysj/12-GeSe_check/gese_mini/POSCAR-Ge75Se225-04_run	md-amorphous	Ge Se	75 225	300	77508	300	300	1000
ysj/12-GeSe_check/gese_mini/POSCAR-Se300-74_run	md-amorphous	Se	300	300	77497	300	300	1000
ysj/12-GeSe_check/gese_mini/POSCAR-Se300-77_run	md-amorphous	Se	300	300	77497	300	300	1000
ysj/12-GeSe_check/gese_mini/POSCAR-Se300-78_run	md-amorphous	Se	300	300	77497	300	300	1000
ysj/12-GeSe_check/gese_mini/POSCAR-Se300-80_run	md-amorphous	Se	300	300	77497	300	300	1000
ysj/12-GeSe_check/gese_mini/POSCAR-Se300-85_run	md-amorphous	Se	300	300	77497	300	300	1000
ysj/12-GeSe_check/gese_mini/POSCAR-Ge150Se150-30_run	md-amorphous	Ge Se	150 150	300	77508	300	300	1000
ysj/12-GeSe_check/gese_mini/POSCAR-Ge150Se150-51_run	md-amorphous	Ge Se	150 150	300	77508	300	300	1000
ysj/12-GeSe_check/gese_mini/POSCAR-Ge150Se150-56_run	md-amorphous	Ge Se	150 150	300	77508	300	300	1000
ysj/12-GeSe_check/gese_mini/POSCAR-Ge150Se150-68_run	md-amorphous	Ge Se	150 150	300	77508	300	300	1000
ysj/12-GeSe_check/gese_mini/POSCAR-Ge150Se150-71_run	md-amorphous	Ge Se	150 150	300	77508	300	300	1000
ysj/12-GeSe_check/gese_mini/POSCAR-Ge300-09_run	md-amorphous	Ge	300	300	77497	300	300	1000
ysj/12-GeSe_check/gese_mini/POSCAR-Ge300-14_run	md-amorphous	Ge	300	300	77497	300	300	1000
ysj/12-GeSe_check/gese_mini/POSCAR-Ge300-18_run	md-amorphous	Ge	300	300	77497	300	300	1000
ysj/12-GeSe_check/gese_mini/POSCAR-Ge75Se225-05_run	md-amorphous	Ge Se	75 225	300	77508	300	300	1000
ysj/12-GeSe_check/inputs	md-amorphous			None	0	300	300	1000
ysj/12-GeSe_check/5-GeSe/4-md	md-amorphous	Ge Se	150 150	300	77508	300	300	2000
ysj/12-GeSe_check/6-Ge3Se7/diff/4-md	md-amorphous	Ge Se	90 210	300	77508	300	300	2000
ysj/12-GeSe_check/7-Ge7Se3/diff/4-md	md-amorphous	Ge Se	210 90	300	77508	300	300	2000
ysj/12-GeSe_check/0-dos_check/0.0/md	md-amorphous	Se	300	300	77497	300	300	5000
ysj/12-GeSe_check/0-dos_check/0.7/md	md-amorphous	Ge Se	210 90	300	77508	300	300	5000
ysj/12-GeSe_check/0-dos_check/1.0/md	md-amorphous	Ge	300	300	77497	300	300	5000
ysj/12-GeSe_check/0-dos_check/0.3/md	md-amorphous	Ge Se	90 210	300	77508	300	300	5000
ysj/12-GeSe_check/0-dos_check/0.5/md	md-amorphous	Ge Se	150 150	300	77508	300	300	5000
ysj/12-GeSe_check/0-dos_check/0.5/md_2_pre_relax_cell	md-amorphous	Ge Se	150 150	300	77508	300	300	5000
ysj/12-GeSe_check/temp_check/300	md-amorphous	Ge Se	150 150	300	77508	300	300	3000
ysj/12-GeSe_check/3-GeSe2/4-md	md-amorphous	Ge Se	100 200	300	77508	300	300	2000
ysj/12-GeSe_check/aug_data/inputs	md-amorphous			None	0	300	300	1000
yyf/1-Te/1-in3Te7/4-md	md-amorphous	In Te	90 210	300	77508	300	300	2000
yyf/1-Te/2-inte3/1model/6-md	md-amorphous	In Te	75 225	300	77508	300	300	2000
yyf/1-Te/2-inte3/8-6Si/9-md	md-amorphous	In Te Si	70 210 20	300	77519	300	300	2000
yyf/1-Te/3-in2te8/1-models/12-md	md-amorphous	In Te	60 240	300	77508	300	300	2000
yyf/1-Te/3-in2te8/3-5Ga/4-md	md-amorphous	In Te Ga	56 224 20	300	77519	300	300	2000
yyf/1-Te/3-in2te8/4-excit/1-add2e/5-md	md-amorphous	In Te	60 240	300	77508	300	300	2000
yyf/1-Te/3-in2te8/4-excit/2-move2e/5-md	md-amorphous	In Te	60 240	300	77508	300	300	2000
yyf/1-Te/3-in2te8/4-excit/3-add4e/5-md	md-amorphous	In Te	60 240	300	77508	300	300	2000
yyf/2-Se/1-GeCuSe/3-Cu/1-5%/8-md	md-amorphous	Ge Se Cu	146 146 8	300	77519	300	300	2000
yyf/2-Se/1-GeCuSe/3-Cu/4-20/13-md	md-amorphous	Ge Se Cu	136 136 28	300	77519	300	300	2000
yyf/5-O/1-In2O3/6-md	md-amorphous	In O	80 120	200	51808	250	250	2000
yyf/5-O/1-In2O3/8-300atom/3-model/4-md	md-amorphous	In O	120 180	300	77508	300	300	2000
yyf/5-O/2-InOGW/8-md	md-amorphous	In O	16 24	40	10688	250	250	2000
yyf/5-O/8-ITO/3-300atom/1-10Sn/4-md	md-amorphous	In Sn O	108 12 180	300	77519	300	300	2000
yyf/5-O/7-INGAO/7-300atom/1-20Ga/1-model/4-md	md-amorphous	In Ga O	96 24 180	300	77519	300	300	2000
yyf/5-O/9-IGZO/2-101/4-md	md-amorphous	In Zn O	60 60 150	270	69809	300	300	2000
yyf/5-O/9-IGZO/3-110/4-md	md-amorphous	In Ga O	60 60 180	300	77519	300	300	2000
yyf/5-O/9-IGZO/1-111/4-md	md-amorphous	In Ga Zn O	40 40 40 160	280	72390	300	300	2000
tsq/sb-te/modeling/0-sb/3-md/300-1	md-amorphous	Sb	300	300	77497	300.0	300.0	4000
tsq/sb-te/modeling/0-sb/3-md/300K	md-amorphous	Sb	300	300	77497	300.0	300.0	2000
tsq/sb-te/modeling/4-te/3-md/300K	md-amorphous	Te	300	300	77497	300.0	300.0	2000
tsq/sb-te/modeling/1-sb2te/3-md/300K	md-amorphous	Sb Te	200 100	300	77508	300.0	300.0	2000
tsq/sb-te/modeling/1-sb2te/3-md/300K-1	md-amorphous	Sb Te	200 100	300	77508	300.0	300.0	2000
tsq/sb-te/modeling/2-sb2te2/3-md/300K	md-amorphous	Sb Te	150 150	300	77508	300.0	300.0	2000
tsq/sb-te/modeling/3-sb2te3/3-md/300K	md-amorphous	Sb Te	120 180	300	77508	300.0	300.0	2000
tsq/sb-te/modeling/5-sbte2/3-MD	md-amorphous	Sb Te	100 200	300	77508	300.0	300.0	3000
tsq/sb-te/local_potential/2-sb2te2	md-amorphous	Sb Te	150 150	300	77508	300.0	300.0	2000
tsq/sb-te/local_potential/5-sbte2	md-amorphous			None	0	300.0	300.0	2000
tsq/sb-te/local_potential/4-te	md-amorphous	Te	300	300	77497	300.0	300.0	2000
tsq/sb-te/local_potential/0-sb	md-amorphous	Sb	300	300	77497	300.0	300.0	2000
tsq/sb-te/local_potential/1-sb2te	md-amorphous	Sb Te	200 100	300	77508	300.0	300.0	2000
tsq/sb-te/local_potential/3-sb2te3	md-amorphous	Sb Te	120 180	300	77508	300.0	300.0	2000
tsq/sb-te/local_potential_1/0-sb	md-amorphous	Sb	300	300	77497	300.0	300.0	2000
tsq/sb-te/local_potential_1/1-sb2te	md-amorphous	Sb Te	200 100	300	77508	300.0	300.0	2000
tsq/sb-te/local_potential_1/2-sb2te2	md-amorphous	Sb Te	150 150	300	77508	300.0	300.0	2000
tsq/sb-te/local_potential_1/3-sb2te3	md-amorphous	Sb Te	120 180	300	77508	300.0	300.0	2000
tsq/sb-te/local_potential_1/4-te	md-amorphous	Te	300	300	77497	300.0	300.0	2000
tsq/sb-te/local_potential_2/4_te	md-amorphous	Te	300	300	77497	300.0	300.0	2000
tsq/sb-te/local_potential_2/2_sb2te2	md-amorphous	Sb Te	150 150	300	77508	300.0	300.0	2000
tsq/sb-te/local_potential_2/3_sb2te3	md-amorphous	Sb Te	120 180	300	77508	300.0	300.0	2000
tsq/sb-te/local_potential_2/0_sb	md-amorphous	Sb	300	300	77497	300.0	300.0	2000
tsq/sb-te/local_potential_2/1_sb2te	md-amorphous	Sb Te	200 100	300	77508	300.0	300.0	2000
tsq/GeTe/remodeling	md-amorphous	Ge Te	150 150	300	77508	300.0	300.0	2000
tsq/GeSe_Ag/1/5-md	md-amorphous	Se Ge Ag	50 50 10	110	28689	300.0	300.0	2000
tsq/GeSe_Ag/2/5-md	md-amorphous	Se Ge Ag	50 50 15	115	29974	300.0	300.0	2000
tsq/GeSe_Ag/0/5-md	md-amorphous	Se Ge Ag	50 50 5	105	27404	300.0	300.0	2000
tsq/GeSe_Ag/3/5-md	md-amorphous	Se Ge Ag	50 50 20	120	31259	300.0	300.0	2000
wh/InTe/37/1.2local/1-10k/3-md	md-amorphous	In Te	90 210	300	77508	300	300	2000
wh/InTe/37/1.2local/4-20k/3-md	md-amorphous	In Te	90 210	300	77508	300	300	2000
wh/InTeSi/4-local	md-amorphous	Si In Te	30 81 189	300	77519	300	300	2000
hhy/GST/4-md	md-amorphous	Ge Sb Te	16 61 108	185	47964	300	300	2000
hhy/IGST/4-md	md-amorphous	Ge Sb Te In	16 61 108 13	198	51316	300	300	2000
hhy/GST225/4-md	md-amorphous	Ge Sb Te	43 43 108	194	50277	300	300	2000
